customer_id,customer_name,gender,age,city,state,customer_segment,acquisition_date
CUST00003,Kunal Kumar,Female,46,Chennai,Tamil Nadu,Consumer,2024-01-13
CUST00005,Sneha Mehta,Male,36,Surat,Gujarat,Consumer,2023-04-07
CUST00006,Kavya Sharma,Female,25,Kolkata,West Bengal,Consumer,2024-04-19
CUST00011,Neha Malhotra,Female,32,Bhopal,Madhya Pradesh,Small Business,2022-03-30
CUST00012,Neha Joshi,Male,38,Guwahati,Assam,Consumer,2024-08-04
CUST00019,Rahul Sharma,Female,31,Kolkata,West Bengal,Corporate,2025-04-13
CUST00021,Kunal Mishra,Male,32,Bhopal,Madhya Pradesh,Small Business,2022-10-15
CUST00025,Kunal Verma,Female,19,Coimbatore,Tamil Nadu,Corporate,2024-08-19
CUST00029,Rahul Jain,Male,35,Bhopal,Madhya Pradesh,Corporate,2025-01-20
CUST00031,Kavya Verma,Female,21,Surat,Gujarat,Consumer,2023-02-14
CUST00032,Rohan Malhotra,Female,33,Ludhiana,Punjab,Small Business,2023-04-06
CUST00037,Amit Srivastava,Female,47,Kolkata,West Bengal,Small Business,2022-08-27
CUST00039,Meera Jain,Other,51,Mumbai,Maharashtra,Consumer,2024-06-22
CUST00040,Aditya Kumar,Female,18,Bengaluru,Karnataka,Corporate,2024-04-20
CUST00043,Pooja Singh,Female,34,Hyderabad,Telangana,Consumer,2022-03-27
CUST00047,Riya Patel,Male,45,Surat,Gujarat,Corporate,2024-04-21
CUST00048,Sneha Joshi,Male,37,Bhubaneswar,Odisha,Corporate,2024-05-30
CUST00049,Riya Patel,Female,60,Chennai,Tamil Nadu,Consumer,2025-03-02
CUST00053,Aditi Srivastava,Male,36,Ahmedabad,Gujarat,Consumer,2022-11-15
CUST00054,Isha Joshi,Male,49,Indore,Madhya Pradesh,Consumer,2025-03-13
CUST00055,Arjun Patel,Male,29,Indore,Madhya Pradesh,Consumer,2023-09-18
CUST00057,Nikhil Kumar,Female,19,Nagpur,Maharashtra,Corporate,2024-02-11
CUST00066,Meera Kumar,Female,57,Pune,Maharashtra,Consumer,2025-03-17
CUST00067,Aditya Agarwal,Female,45,Bhubaneswar,Odisha,Consumer,2023-02-17
CUST00075,Sneha Singh,Male,31,Hyderabad,Telangana,Corporate,2024-12-08
CUST00076,Arjun Agarwal,Female,42,Indore,Madhya Pradesh,Consumer,2022-02-27
CUST00080,Meera Srivastava,Male,23,Chennai,,Consumer,2024-12-23
CUST00081,Meera Malhotra,Female,42,Patna,Bihar,Consumer,2025-03-04
CUST00095,Rohan Yadav,Male,34,Bhubaneswar,Odisha,Small Business,2023-04-28
CUST00097,Vivaan Patel,Female,27,Dehradun,Uttarakhand,Corporate,2024-01-17
CUST00101,Vivaan Sharma,Male,47,Kolkata,West Bengal,Consumer,2022-12-15
CUST00102,Aditi Jain,Male,23,Ludhiana,Punjab,Consumer,2024-05-18
CUST00106,Neha Singh,Female,19,Coimbatore,Tamil Nadu,Consumer,2024-10-20
CUST00112,Riya Mehta,Male,26,Coimbatore,Tamil Nadu,Consumer,2023-12-19
CUST00116,Sneha Chauhan,Male,24,Nagpur,Maharashtra,Consumer,2023-08-26
CUST00120,Aditi Shah,Male,34,Jaipur,Rajasthan,Consumer,2022-03-27
CUST00125,Isha Verma,Male,36,Kolkata,West Bengal,Small Business,2024-02-11
CUST00128,Aditya Mishra,Male,36,Kochi,Kerala,Small Business,2024-04-21
CUST00132,Nikhil Gupta,Female,52,Nagpur,Maharashtra,Small Business,2024-07-15
CUST00133,Nikhil Mehta,Male,45,Delhi,Delhi,Corporate,2023-03-17
CUST00136,Kavya Kumar,Female,49,Mumbai,Maharashtra,Consumer,2022-01-09
CUST00137,Kunal Singh,Female,150,Bengaluru,Karnataka,Small Business,2022-03-17
CUST00140,Nikhil Mishra,Female,34,Surat,Gujarat,Consumer,2024-11-07
CUST00142,Vikram Mehta,Female,47,Ludhiana,Punjab,Corporate,2024-10-17
CUST00145,Isha Joshi,Female,28,Guwahati,Assam,Small Business,2024-12-27
CUST00146,Ananya Yadav,Male,36,Kolkata,West Bengal,Consumer,2023-01-06
CUST00151,Riya Shah,Female,35,Kolkata,West Bengal,Consumer,2024-08-02
CUST00152,Riya Malhotra,Male,33,Mumbai,Maharashtra,Corporate,2022-09-26
CUST00155,Meera Kapoor,Male,30,Surat,Gujarat,Consumer,2024-11-16
CUST00157,Vikram Yadav,Male,55,Jaipur,Rajasthan,Corporate,2022-04-01
CUST00159,Kunal Saxena,Male,45,Bhopal,Madhya Pradesh,Consumer,2024-01-01
CUST00161,Aarav Singh,Male,41,Guwahati,Assam,Consumer,2023-10-23
CUST00166,Rahul Patel,Male,38,Coimbatore,Tamil Nadu,Consumer,2022-12-13
CUST00171,Riya Yadav,Female,18,Jaipur,Rajasthan,Consumer,2023-11-11
CUST00176,Amit Yadav,Male,36,Indore,Madhya Pradesh,Consumer,2023-11-15
CUST00179,Rohan Verma,Female,27,Bhubaneswar,Odisha,Consumer,2025-03-29
CUST00181,Priya Singh,Female,32,Patna,Bihar,Consumer,2022-01-21
CUST00191,Kunal Mishra,Male,21,Hyderabad,Telangana,Consumer,2022-03-31
CUST00192,Vivaan Kumar,Male,18,Bengaluru,Karnataka,Consumer,2023-01-04
CUST00193,Aditi Kumar,Male,55,Bengaluru,Karnataka,Consumer,2025-01-25
CUST00194,Neha Sharma,Female,31,Pune,Maharashtra,Consumer,2023-05-18
CUST00196,Nikhil Sharma,Female,22,Delhi,Delhi,Small Business,2022-05-18
CUST00201,Kunal Joshi,Female,31,Ahmedabad,Gujarat,Consumer,2024-01-07
CUST00207,Isha Kumar,Male,32,Kochi,Kerala,Small Business,2022-12-10
CUST00212,Sneha Jain,Male,41,Hyderabad,Telangana,Consumer,2024-01-23
CUST00215,Sneha Joshi,Male,35,Kochi,Kerala,Consumer,2022-05-09
CUST00220,Kunal Patel,Male,46,Bhubaneswar,Odisha,Consumer,2024-03-07
CUST00227,Kavya Singh,Male,24,Coimbatore,Tamil Nadu,Consumer,2023-01-22
CUST00230,Kavya Joshi,Female,29,Chandigarh,Chandigarh,Corporate,2023-06-06
CUST00233,Amit Singh,Male,62,Lucknow,Uttar Pradesh,Consumer,2024-02-02
CUST00235,Neha Mishra,Female,29,Indore,Madhya Pradesh,Consumer,2023-09-04
CUST00244,Riya Gupta,Female,27,Chennai,Tamil Nadu,Consumer,2023-03-15
CUST00247,Riya Sharma,Male,41,Kochi,Kerala,Consumer,2022-02-17
CUST00255,Isha Joshi,Female,18,Chennai,Tamil Nadu,Consumer,2022-10-09
CUST00261,Isha Kumar,Male,34,Coimbatore,Tamil Nadu,Consumer,2023-05-07
CUST00265,Riya Kumar,Male,19,Guwahati,Assam,Consumer,2023-10-24
CUST00269,Vikram Kumar,Male,40,Bengaluru,Karnataka,Consumer,2023-10-31
CUST00276,Aarav Shah,Female,41,Indore,Madhya Pradesh,Small Business,2025-01-19
CUST00278,Rahul Patel,Male,28,Coimbatore,Tamil Nadu,Corporate,2024-08-04
CUST00280,Ananya Malhotra,Female,32,Delhi,Delhi,Small Business,2022-05-18
CUST00283,Rahul Verma,Female,32,Chennai,Tamil Nadu,Corporate,2024-05-14
CUST00290,Priya Shah,Female,39,Indore,Madhya Pradesh,Small Business,2023-09-14
CUST00292,Sneha Sharma,Male,39,Dehradun,Uttarakhand,Corporate,2024-03-12
CUST00295,Priya Agarwal,Male,18,Bhopal,Madhya Pradesh,Consumer,2025-01-13
CUST00298,Priya Agarwal,Male,35,Surat,Gujarat,Consumer,2022-06-22
CUST00303,Vikram Malhotra,Female,22,Lucknow,Uttar Pradesh,Consumer,2022-03-28
CUST00306,Priya Jain,Female,18,Chandigarh,Chandigarh,Small Business,2022-03-11
CUST00312,Isha Saxena,Female,31,Chennai,Tamil Nadu,Corporate,2024-01-21
CUST00314,Vikram Gupta,Other,54,Mumbai,Maharashtra,Consumer,2024-09-21
CUST00317,Neha Mehta,Female,18,Kochi,Kerala,Consumer,2024-11-05
CUST00318,Neha Patel,Female,40,Hyderabad,Telangana,Corporate,2023-09-05
CUST00324,Arjun Chauhan,Other,20,Patna,Bihar,Consumer,2024-12-26
CUST00334,Pooja Agarwal,Male,33,Kolkata,West Bengal,Consumer,2023-11-12
CUST00337,Priya Patel,Female,33,Guwahati,Assam,Consumer,2024-07-18
CUST00345,Priya Jain,Male,39,Bhubaneswar,Odisha,Consumer,2023-08-28
CUST00349,Neha Yadav,Male,41,Chandigarh,Chandigarh,Corporate,2022-11-11
CUST00352,Riya Singh,Male,27,Lucknow,Uttar Pradesh,Corporate,2023-06-06
CUST00354,Riya Srivastava,Female,43,Surat,Gujarat,Consumer,2022-10-10
CUST00355,Priya Gupta,Male,19,Guwahati,Assam,Small Business,2024-09-03
CUST00361,Sneha Verma,Male,37,Kolkata,West Bengal,Consumer,2024-09-11
CUST00362,Rohan Saxena,Male,47,Bhubaneswar,Odisha,Small Business,2023-06-17
CUST00363,Rahul Kumar,Female,48,Ludhiana,Punjab,Corporate,2024-03-10
CUST00366,Nikhil Singh,Male,18,Bhopal,Madhya Pradesh,Consumer,2022-03-16
CUST00367,Meera Agarwal,Female,36,Indore,Madhya Pradesh,Consumer,2022-11-13
CUST00371,Pooja Shah,Male,23,Pune,Maharashtra,Small Business,2023-12-29
CUST00373,Sneha Mehta,Other,18,Surat,Gujarat,Small Business,2024-12-20
CUST00375,Aarav Shah,Male,42,Bhubaneswar,Odisha,Small Business,2025-03-31
CUST00380,Amit Yadav,Female,37,Dehradun,Uttarakhand,Small Business,2025-01-14
CUST00388,Amit Yadav,Female,52,Kolkata,West Bengal,Small Business,2022-01-05
CUST00394,Arjun Malhotra,Female,38,Bengaluru,Karnataka,Consumer,2022-06-27
CUST00395,Aditya Malhotra,Female,27,Hyderabad,Telangana,Consumer,2024-07-17
CUST00397,Amit Malhotra,Female,47,Lucknow,Uttar Pradesh,Consumer,2022-01-10
CUST00405,Kavya Gupta,Other,40,Indore,Madhya Pradesh,Consumer,2025-03-24
CUST00407,Pooja Agarwal,Female,39,Surat,Gujarat,Small Business,2022-09-16
CUST00408,Ananya Kapoor,Female,38,Chandigarh,Chandigarh,Consumer,2022-09-12
CUST00413,Vivaan Mishra,Male,50,Mumbai,Maharashtra,Small Business,2022-02-16
CUST00419,Kunal Mehta,Female,28,Mumbai,Maharashtra,Consumer,2024-03-27
CUST00425,Nikhil Sharma,Female,54,Surat,Gujarat,Corporate,2023-03-15
CUST00428,Arjun Srivastava,Male,28,Coimbatore,Tamil Nadu,Small Business,2024-05-31
CUST00439,Kunal Malhotra,Female,60,Delhi,Delhi,Consumer,2024-07-19
CUST00442,Aarav Patel,Female,31,Mumbai,Maharashtra,Corporate,2023-09-09
CUST00445,Arjun Mishra,Female,20,Bhopal,Madhya Pradesh,Consumer,2023-11-16
CUST00446,Ananya Joshi,Male,29,Chennai,Tamil Nadu,Consumer,2023-11-02
CUST00447,Riya Patel,Male,37,Mumbai,Maharashtra,Consumer,2022-06-06
CUST00450,Kunal Shah,Male,53,Mumbai,Maharashtra,Consumer,2022-05-13
CUST00454,Riya Saxena,Female,20,Lucknow,Uttar Pradesh,Consumer,2022-04-10
CUST00461,Vivaan Kapoor,Female,42,Hyderabad,Telangana,Corporate,2023-07-09
CUST00464,Priya Agarwal,Female,39,Surat,Gujarat,Consumer,2024-09-24
CUST00474,Rahul Mishra,Female,44,Indore,Madhya Pradesh,Consumer,2024-05-15
CUST00483,Rohan Srivastava,Female,40,Dehradun,Uttarakhand,Corporate,2024-09-29
CUST00485,Rahul Joshi,Female,27,Indore,Madhya Pradesh,Consumer,2022-05-06
CUST00487,Aarav Shah,Female,41,Pune,Maharashtra,Consumer,2023-12-08
CUST00488,Aditya Shah,Male,38,Bhopal,Madhya Pradesh,Small Business,2024-11-20
CUST00517,Vikram Malhotra,Female,29,Bhubaneswar,Odisha,Consumer,2022-02-07
CUST00519,Sneha Sharma,Female,52,Indore,Madhya Pradesh,Corporate,2023-09-30
CUST00524,Pooja Kapoor,Male,25,Kolkata,West Bengal,Small Business,2024-10-28
CUST00525,Nikhil Kumar,Male,36,Pune,Maharashtra,Consumer,2024-02-24
CUST00529,Neha Agarwal,Female,39,Patna,Bihar,Consumer,2022-04-27
CUST00530,Aarav Srivastava,Female,28,Patna,Bihar,Corporate,2022-09-28
CUST00537,Aarav Kapoor,Female,36,Indore,Madhya Pradesh,Small Business,2024-09-19
CUST00541,Nikhil Yadav,Male,41,Hyderabad,Telangana,Consumer,2023-05-25
CUST00545,Vivaan Yadav,Male,40,Kolkata,West Bengal,Corporate,2022-12-18
CUST00552,Pooja Jain,Female,22,Ahmedabad,Gujarat,Corporate,2024-03-28
CUST00555,Aditi Yadav,Other,41,Guwahati,Assam,Consumer,2023-01-17
CUST00558,Aditya Saxena,Male,37,Bhubaneswar,Odisha,Consumer,2024-09-04
CUST00559,Neha Gupta,Female,39,Coimbatore,Tamil Nadu,Small Business,2023-02-23
CUST00562,Pooja Mehta,Female,25,Lucknow,Uttar Pradesh,Corporate,2024-10-30
CUST00565,Aarav Mehta,Male,39,Bhubaneswar,Odisha,Consumer,2022-05-07
CUST00567,Rohan Kapoor,Female,38,Dehradun,Uttarakhand,Small Business,2022-07-20
CUST00579,Meera Kumar,Male,39,Bhubaneswar,Odisha,Small Business,2023-05-27
CUST00587,Pooja Saxena,Female,45,Hyderabad,Telangana,Consumer,2022-07-22
CUST00593,Meera Kapoor,Male,47,Dehradun,Uttarakhand,Consumer,2024-05-16
CUST00596,Ananya Mehta,Male,50,Coimbatore,Tamil Nadu,Small Business,2023-01-30
CUST00597,Isha Patel,Female,28,Nagpur,,Corporate,2022-04-12
CUST00603,Rahul Agarwal,Female,28,Kochi,Kerala,Corporate,2022-06-09
CUST00610,Kavya Saxena,Female,22,Kolkata,West Bengal,Corporate,2022-10-13
CUST00613,Aarav Joshi,Female,44,Coimbatore,Tamil Nadu,Corporate,2024-06-27
CUST00622,Rahul Malhotra,Female,22,Indore,Madhya Pradesh,Consumer,2022-12-25
CUST00625,Priya Saxena,Male,47,Bengaluru,Karnataka,Consumer,2022-12-26
CUST00627,Pooja Shah,Male,30,Pune,Maharashtra,Corporate,2022-06-11
CUST00630,Neha Kapoor,Female,18,Ahmedabad,Gujarat,Consumer,2022-01-25
CUST00635,Kavya Mishra,Male,34,Ludhiana,Punjab,Small Business,2023-11-02
CUST00644,Ananya Shah,Male,48,Indore,Madhya Pradesh,Corporate,2022-09-19
CUST00645,Riya Sharma,Male,61,Kochi,Kerala,Consumer,2024-10-31
CUST00648,Neha Kumar,Male,41,Bhopal,Madhya Pradesh,Corporate,2024-05-26
CUST00649,Pooja Agarwal,Female,56,Guwahati,Assam,Consumer,2024-04-16
CUST00655,Riya Mishra,Female,42,Nagpur,Maharashtra,Consumer,2022-10-15
CUST00659,Aarav Jain,Female,25,Delhi,Delhi,Small Business,2023-02-08
CUST00662,Arjun Joshi,Male,27,Kochi,Kerala,Consumer,2024-08-31
CUST00666,Neha Shah,Female,52,Hyderabad,Telangana,Corporate,2022-04-27
CUST00674,Riya Patel,Female,46,Jaipur,Rajasthan,Consumer,2023-01-16
CUST00675,Pooja Gupta,Female,46,Bengaluru,Karnataka,Consumer,2023-12-31
CUST00692,Priya Mehta,Male,33,Coimbatore,Tamil Nadu,Consumer,2024-10-01
CUST00695,Kunal Gupta,Male,28,Delhi,Delhi,Consumer,2023-04-15
CUST00697,Amit Singh,Male,53,Hyderabad,Telangana,Consumer,2022-04-21
CUST00699,Aditi Saxena,Female,43,Delhi,Delhi,Consumer,2022-10-08
CUST00702,Meera Jain,Male,57,Bengaluru,Karnataka,Small Business,2024-08-13
CUST00704,Vikram Srivastava,Male,39,Chandigarh,Chandigarh,Corporate,2022-07-11
CUST00711,Aarav Mehta,Male,37,Chennai,Tamil Nadu,Consumer,2025-01-19
CUST00713,Aarav Patel,Male,30,Kochi,Kerala,Consumer,2024-04-12
CUST00718,Meera Mishra,Female,55,Indore,Madhya Pradesh,Corporate,2024-07-19
CUST00719,Pooja Saxena,Female,50,Dehradun,Uttarakhand,Small Business,2024-04-04
CUST00730,Priya Joshi,Male,35,Chennai,Tamil Nadu,Small Business,2023-10-08
CUST00733,Aditi Mehta,Other,59,Patna,Bihar,Corporate,2024-02-28
CUST00737,Rohan Verma,Female,18,Kochi,Kerala,Corporate,2024-06-04
CUST00738,Ananya Gupta,Female,41,Pune,Maharashtra,Consumer,2023-01-07
CUST00746,Amit Shah,Female,33,Ahmedabad,Gujarat,Consumer,2024-12-22
CUST00748,Meera Jain,Female,44,Mumbai,Maharashtra,Consumer,2024-06-10
CUST00750,Amit Kapoor,Female,51,Chandigarh,Chandigarh,Corporate,2023-04-22
CUST00755,Nikhil Gupta,Female,25,Nagpur,Maharashtra,Consumer,2024-10-28
CUST00758,Amit Chauhan,Female,49,Ahmedabad,Gujarat,Consumer,2022-01-17
CUST00759,Vivaan Patel,Male,28,Jaipur,Rajasthan,Corporate,2023-01-15
CUST00770,Meera Gupta,Male,39,Ahmedabad,Gujarat,Consumer,2025-02-09
CUST00771,Riya Kumar,Male,18,Chennai,Tamil Nadu,Consumer,2023-10-14
CUST00772,Kunal Mehta,Female,34,Guwahati,Assam,Consumer,2022-04-06
CUST00773,Priya Mishra,Male,53,Lucknow,Uttar Pradesh,Corporate,2025-02-04
CUST00775,Sneha Kapoor,Female,34,Kolkata,West Bengal,Corporate,2024-04-04
CUST00777,Neha Chauhan,Male,22,Surat,Gujarat,Corporate,2022-11-23
CUST00781,Aditi Gupta,Male,54,Bhubaneswar,Odisha,Corporate,2022-12-18
CUST00782,Vikram Kapoor,Female,35,Chennai,Tamil Nadu,Consumer,2023-04-07
CUST00783,Vikram Patel,Female,44,Jaipur,Rajasthan,Corporate,2025-01-29
CUST00785,Kunal Mishra,Female,23,Indore,Madhya Pradesh,Consumer,2022-12-20
CUST00787,Nikhil Saxena,Female,43,Lucknow,Uttar Pradesh,Corporate,2023-07-27
CUST00791,Kunal Verma,Male,19,Jaipur,Rajasthan,Consumer,2023-07-23
CUST00794,Kunal Sharma,Female,29,Kolkata,West Bengal,Consumer,2022-07-18
CUST00800,Aditi Yadav,Male,35,Surat,Gujarat,Consumer,2023-11-01
CUST00802,Aditi Singh,Male,28,Mumbai,Maharashtra,Corporate,2022-08-24
CUST00803,Rahul Verma,Female,22,Bhopal,Madhya Pradesh,Consumer,2022-05-25
CUST00804,Arjun Jain,Male,32,Patna,Bihar,Corporate,2022-09-16
CUST00807,Rahul Agarwal,Male,51,Bhopal,Madhya Pradesh,Corporate,2022-03-28
CUST00808,Kavya Chauhan,Female,38,Jaipur,Rajasthan,Corporate,2025-04-03
CUST00810,Nikhil Saxena,Male,50,Guwahati,Assam,Corporate,2022-05-16
CUST00811,Vivaan Singh,Male,26,Lucknow,Uttar Pradesh,Small Business,2025-03-03
CUST00814,Amit Shah,Male,44,Mumbai,,Corporate,2023-05-17
CUST00820,Riya Kapoor,Female,40,Guwahati,Assam,Consumer,2023-02-10
CUST00829,Arjun Singh,Male,25,Kolkata,West Bengal,Consumer,2024-08-31
CUST00831,Nikhil Chauhan,Male,49,Dehradun,Uttarakhand,Corporate,2023-09-10
CUST00835,Pooja Joshi,Male,28,Kolkata,West Bengal,Corporate,2023-09-21
CUST00836,Arjun Patel,Female,36,Coimbatore,Tamil Nadu,Corporate,2025-01-08
CUST00838,Neha Singh,Male,18,Ludhiana,Punjab,Small Business,2025-03-01
CUST00839,Aditya Verma,Male,41,Lucknow,Uttar Pradesh,Corporate,2022-09-22
CUST00842,Kavya Kumar,Other,36,Chennai,Tamil Nadu,Consumer,2023-06-24
CUST00852,Riya Jain,Other,47,Coimbatore,Tamil Nadu,Small Business,2023-10-28
CUST00854,Vikram Malhotra,Female,55,Dehradun,Uttarakhand,Corporate,2022-06-05
CUST00861,Kavya Mehta,Male,61,Guwahati,Assam,Small Business,2024-03-12
CUST00862,Arjun Jain,Female,55,Patna,Bihar,Consumer,2024-05-09
CUST00863,Sneha Patel,Female,52,Jaipur,Rajasthan,Corporate,2023-04-25
CUST00873,Rohan Gupta,Female,37,Jaipur,Rajasthan,Consumer,2024-06-15
CUST00875,Vikram Srivastava,Male,40,Hyderabad,Telangana,Consumer,2023-05-14
CUST00881,Aarav Saxena,Female,47,Delhi,Delhi,Consumer,2023-03-11
CUST00886,Arjun Saxena,Female,28,Kochi,Kerala,Consumer,2023-01-27
CUST00890,Sneha Patel,Female,18,Dehradun,Uttarakhand,Consumer,2025-02-17
CUST00891,Vikram Agarwal,Male,45,Jaipur,Rajasthan,Consumer,2024-11-24
CUST00893,Meera Joshi,Male,26,Bhopal,Madhya Pradesh,Consumer,2024-12-02
CUST00895,Meera Agarwal,Male,31,Kochi,Kerala,Consumer,2022-03-11
CUST00897,Aditya Jain,Female,22,Bhopal,Madhya Pradesh,Small Business,2023-08-14
CUST00899,Pooja Gupta,Male,47,Delhi,Delhi,Consumer,2023-07-27
CUST00902,Vikram Chauhan,Male,49,Lucknow,Uttar Pradesh,Corporate,2024-01-25
CUST00906,Priya Verma,Female,36,Hyderabad,Telangana,Small Business,2025-01-18
CUST00907,Rohan Joshi,Female,63,Surat,Gujarat,Small Business,2023-05-24
CUST00908,Aarav Yadav,Male,43,Chandigarh,Chandigarh,Consumer,2024-08-29
CUST00909,Ananya Singh,Male,33,Ahmedabad,Gujarat,Consumer,2024-05-17
CUST00910,Aditya Srivastava,Male,42,Jaipur,Rajasthan,Consumer,2022-06-05
CUST00911,Aarav Sharma,Male,37,Kochi,Kerala,Corporate,2024-10-13
CUST00914,Kavya Yadav,Male,30,Guwahati,Assam,Consumer,2024-08-05
CUST00915,Rahul Verma,Male,37,Bengaluru,Karnataka,Consumer,2025-01-26
CUST00917,Aditya Mehta,Female,18,Bhopal,Madhya Pradesh,Corporate,2022-03-15
CUST00921,Arjun Saxena,Male,27,Bhubaneswar,Odisha,Consumer,2023-11-18
CUST00934,Aarav Kapoor,Male,18,Chennai,Tamil Nadu,Corporate,2022-08-26
CUST00939,Aditya Singh,Male,37,Indore,Madhya Pradesh,Small Business,2025-02-16
CUST00943,Aditi Verma,Female,42,Patna,Bihar,Corporate,2024-05-25
CUST00953,Kunal Kapoor,Female,28,Bengaluru,Karnataka,Consumer,2024-12-19
CUST00958,Aarav Mishra,Female,30,Bengaluru,Karnataka,Consumer,2022-01-21
CUST00960,Amit Singh,Female,25,Surat,Gujarat,Consumer,2024-11-06
CUST00964,Meera Joshi,Male,36,Ludhiana,Punjab,Small Business,2024-09-28
CUST00969,Kunal Srivastava,Female,25,Patna,Bihar,Consumer,2024-07-12
CUST00971,Amit Yadav,Male,57,Mumbai,Maharashtra,Consumer,2024-06-30
CUST00973,Aditya Yadav,Male,18,Indore,Madhya Pradesh,Consumer,2024-01-08
CUST00974,Vivaan Patel,Male,43,Indore,Madhya Pradesh,Consumer,2023-11-08
CUST00978,Neha Saxena,Male,40,Nagpur,Maharashtra,Consumer,2022-11-21
CUST00979,Amit Joshi,Male,49,Pune,Maharashtra,Consumer,2024-10-11
CUST00981,Aditya Saxena,Female,39,Nagpur,Maharashtra,Consumer,2022-03-14
CUST00982,Neha Chauhan,Male,25,Hyderabad,Telangana,Small Business,2025-01-14
CUST00983,Priya Gupta,Male,38,Nagpur,Maharashtra,Consumer,2023-04-21
CUST00986,Isha Chauhan,Female,20,Chennai,Tamil Nadu,Corporate,2024-04-21
CUST00987,Amit Yadav,Female,46,Bengaluru,Karnataka,Corporate,2025-01-15
CUST00989,Meera Srivastava,Male,48,Dehradun,Uttarakhand,Consumer,2022-12-20
CUST00991,Vikram Yadav,Male,36,Pune,Maharashtra,Consumer,2024-09-24
CUST00994,Isha Shah,Male,18,Surat,Gujarat,Consumer,2022-10-02
CUST01010,Sneha Patel,Female,30,Bhopal,Madhya Pradesh,Small Business,2022-10-04
CUST01015,Amit Yadav,Male,28,Bhopal,Madhya Pradesh,Consumer,2023-11-24
CUST01016,Pooja Verma,Female,32,Kolkata,West Bengal,Consumer,2023-09-08
CUST01025,Amit Patel,Male,30,Kolkata,West Bengal,Consumer,2024-06-22
CUST01031,Isha Sharma,Female,20,Indore,Madhya Pradesh,Consumer,2024-12-29
CUST01036,Aditya Gupta,Male,34,Kochi,Kerala,Small Business,2024-06-06
CUST01038,Aditya Patel,Female,34,Lucknow,Uttar Pradesh,Corporate,2024-03-22
CUST01040,Sneha Agarwal,Male,41,Kolkata,West Bengal,Corporate,2023-01-11
CUST01041,Amit Yadav,Male,43,Hyderabad,Telangana,Consumer,2024-09-15
CUST01044,Pooja Kapoor,Male,42,Ahmedabad,Gujarat,Small Business,2024-07-25
CUST01055,Neha Yadav,Male,56,Delhi,Delhi,Corporate,2023-04-17
CUST01059,Meera Kapoor,Male,31,Surat,Gujarat,Consumer,2024-09-01
CUST01063,Kunal Gupta,Female,31,Chandigarh,Chandigarh,Consumer,2024-11-28
CUST01067,Arjun Joshi,Male,40,Patna,Bihar,Consumer,2023-02-26
CUST01072,Amit Jain,Male,56,Ludhiana,Punjab,Consumer,2023-11-27
CUST01073,Aarav Verma,Male,28,Kochi,Kerala,Corporate,2022-04-29
CUST01082,Rohan Kapoor,Female,31,Guwahati,Assam,Consumer,2022-10-25
CUST01083,Amit Yadav,Female,39,Guwahati,Assam,Corporate,2023-02-26
CUST01085,Aditya Verma,Female,22,Ludhiana,Punjab,Consumer,2022-01-16
CUST01094,Priya Joshi,Female,18,Ahmedabad,Gujarat,Consumer,2024-03-13
CUST01096,Ananya Jain,Male,18,Delhi,Delhi,Consumer,2024-02-21
CUST01097,Meera Singh,Female,49,Kolkata,West Bengal,Consumer,2024-12-26
CUST01099,Sneha Chauhan,Female,24,Lucknow,Uttar Pradesh,Consumer,2022-03-09
CUST01101,Neha Joshi,Female,48,Indore,Madhya Pradesh,Consumer,2023-05-04
CUST01114,Kavya Kapoor,Female,46,Mumbai,Maharashtra,Corporate,2023-08-29
CUST01118,Kavya Gupta,Male,19,Nagpur,Maharashtra,Consumer,2022-01-07
CUST01119,Rahul Saxena,Female,27,Hyderabad,Telangana,Consumer,2024-11-05
CUST01120,Ananya Kumar,Female,32,Indore,Madhya Pradesh,Consumer,2022-06-28
CUST01126,Rahul Gupta,Female,27,Kolkata,West Bengal,Consumer,2023-07-29
CUST01131,Vivaan Shah,Male,27,Ahmedabad,Gujarat,Consumer,2024-07-19
CUST01136,Ananya Agarwal,Male,18,Delhi,Delhi,Small Business,2023-06-03
CUST01139,Neha Patel,Male,41,Kochi,Kerala,Consumer,2023-10-26
CUST01142,Amit Saxena,Female,150,Pune,Maharashtra,Consumer,2025-04-13
CUST01146,Arjun Agarwal,Female,23,Indore,Madhya Pradesh,Consumer,2022-03-27
CUST01151,Priya Yadav,Male,21,Ahmedabad,Gujarat,Consumer,2022-08-19
CUST01153,Kunal Kapoor,Female,32,Surat,Gujarat,Consumer,2024-02-13
CUST01155,Neha Chauhan,Female,18,Mumbai,Maharashtra,Corporate,2024-09-26
CUST01156,Pooja Patel,Other,38,Nagpur,Maharashtra,Consumer,2022-11-05
CUST01158,Riya Gupta,Male,22,Kolkata,West Bengal,Consumer,2023-05-28
CUST01165,Aarav Kapoor,Male,46,Bhopal,Madhya Pradesh,Consumer,2024-09-09
CUST01168,Pooja Sharma,Female,61,Ahmedabad,Gujarat,Corporate,2022-05-09
CUST01174,Aditya Sharma,Female,36,Chandigarh,Chandigarh,Small Business,2022-04-19
CUST01180,Aditi Mehta,Female,26,Lucknow,Uttar Pradesh,Consumer,2022-06-09
CUST01182,Vivaan Joshi,Female,31,Patna,Bihar,Consumer,2022-12-08
CUST01184,Aditya Srivastava,Male,51,Surat,Gujarat,Consumer,2024-11-05
CUST01185,Riya Yadav,Female,31,Surat,Gujarat,Consumer,2025-01-07
CUST01186,Vivaan Saxena,Other,54,Mumbai,Maharashtra,Consumer,2023-08-30
CUST01193,Nikhil Jain,Male,46,Chandigarh,Chandigarh,Consumer,2022-06-10
CUST01196,Isha Singh,Female,45,Bengaluru,Karnataka,Corporate,2025-02-28
CUST01198,Nikhil Malhotra,Male,27,Guwahati,Assam,Corporate,2024-02-12
CUST01200,Pooja Mehta,Female,44,Bengaluru,Karnataka,Corporate,2022-12-10
CUST01201,Vikram Mishra,Female,60,Bhubaneswar,Odisha,Consumer,2024-12-26
CUST01202,Vikram Joshi,Female,32,Indore,Madhya Pradesh,Corporate,2025-02-10
CUST01204,Vikram Yadav,Other,65,Kochi,Kerala,Small Business,2023-04-22
CUST01211,Vivaan Shah,Female,38,Bengaluru,Karnataka,Consumer,2024-11-13
CUST01212,Kavya Agarwal,Male,36,Coimbatore,Tamil Nadu,Consumer,2024-06-22
CUST01217,Kunal Mishra,Female,33,Bhopal,Madhya Pradesh,Consumer,2024-11-03
CUST01225,Aditi Malhotra,Male,32,Surat,Gujarat,Consumer,2023-07-11
CUST01226,Amit Yadav,Male,23,Guwahati,Assam,Consumer,2023-03-31
CUST01228,Rahul Malhotra,Male,45,Guwahati,Assam,Consumer,2024-11-30
CUST01230,Amit Mehta,Male,52,Mumbai,Maharashtra,Small Business,2025-01-12
CUST01232,Riya Kapoor,Female,52,Kochi,Kerala,Consumer,2024-11-06
CUST01237,Isha Gupta,Female,33,Lucknow,Uttar Pradesh,Consumer,2022-01-03
CUST01239,Pooja Joshi,Female,38,Mumbai,Maharashtra,Small Business,2023-05-19
CUST01243,Priya Mehta,Female,37,Guwahati,Assam,Corporate,2022-11-23
CUST01245,Kavya Kapoor,Female,29,Bhubaneswar,Odisha,Consumer,2023-03-21
CUST01252,Vikram Verma,Other,18,Surat,Gujarat,Corporate,2023-12-31
CUST01253,Arjun Kumar,Male,60,Delhi,Delhi,Corporate,2023-06-17
CUST01256,Kunal Sharma,Male,29,Delhi,Delhi,Consumer,2022-01-18
CUST01258,Riya Saxena,Female,22,Nagpur,Maharashtra,Corporate,2023-08-28
CUST01259,Kunal Joshi,Female,37,Bhopal,Madhya Pradesh,Corporate,2022-12-29
CUST01260,Rahul Yadav,Male,23,Coimbatore,Tamil Nadu,Consumer,2025-02-01
CUST01261,Meera Sharma,Male,64,Dehradun,Uttarakhand,Consumer,2022-09-01
CUST01264,Aditya Yadav,Female,40,Kolkata,West Bengal,Corporate,2023-02-25
CUST01266,Nikhil Patel,Male,41,Lucknow,Uttar Pradesh,Consumer,2024-08-13
CUST01270,Rahul Gupta,Female,41,Delhi,Delhi,Consumer,2025-02-06
CUST01274,Sneha Kumar,Male,23,Chennai,Tamil Nadu,Consumer,2023-12-14
CUST01275,Rohan Kapoor,Female,24,Kochi,Kerala,Consumer,2025-03-03
CUST01284,Vivaan Mehta,Male,52,Coimbatore,Tamil Nadu,Consumer,2023-07-01
CUST01288,Aditya Saxena,Male,38,Dehradun,Uttarakhand,Consumer,2024-12-14
CUST01295,Kunal Jain,Male,18,Patna,,Consumer,2023-10-04
CUST01296,Vikram Patel,Female,27,Bhopal,Madhya Pradesh,Small Business,2024-08-12
CUST01301,Amit Saxena,Male,28,Kochi,Kerala,Consumer,2024-02-26
CUST01312,Nikhil Agarwal,Male,42,Pune,Maharashtra,Consumer,2022-11-08
CUST01314,Arjun Chauhan,Male,43,Kolkata,West Bengal,Consumer,2022-10-11
CUST01318,Kavya Agarwal,Female,66,Nagpur,Maharashtra,Consumer,2022-12-16
CUST01319,Amit Srivastava,Male,18,Surat,Gujarat,Consumer,2024-05-21
CUST01320,Riya Mehta,Male,26,Ahmedabad,Gujarat,Consumer,2022-01-26
CUST01321,Aarav Yadav,Male,37,Jaipur,Rajasthan,Consumer,2024-04-17
CUST01330,Vivaan Mehta,Male,47,Pune,Maharashtra,Corporate,2023-01-12
CUST01333,Vivaan Malhotra,Female,36,Surat,Gujarat,Consumer,2022-04-17
CUST01337,Vikram Verma,Female,47,Chennai,Tamil Nadu,Corporate,2024-01-10
CUST01340,Kavya Patel,Male,25,Ahmedabad,Gujarat,Consumer,2022-12-05
CUST01342,Meera Joshi,Female,42,Chandigarh,Chandigarh,Corporate,2024-08-07
CUST01343,Kunal Shah,Male,26,Jaipur,Rajasthan,Consumer,2022-04-30
CUST01354,Kavya Singh,Female,59,Patna,Bihar,Consumer,2022-06-03
CUST01357,Aditi Kapoor,Male,57,Pune,Maharashtra,Consumer,2022-12-18
CUST01363,Riya Singh,Male,18,Pune,Maharashtra,Corporate,2024-05-23
CUST01373,Vikram Patel,Female,31,Surat,Gujarat,Consumer,2022-07-11
CUST01376,Neha Malhotra,Female,46,Guwahati,Assam,Consumer,2022-10-12
CUST01377,Nikhil Saxena,Male,36,Guwahati,Assam,Consumer,2024-12-19
CUST01380,Aditya Patel,Male,43,Bhopal,Madhya Pradesh,Small Business,2022-07-10
CUST01387,Sneha Sharma,Male,27,Nagpur,Maharashtra,Consumer,2023-08-01
CUST01397,Priya Singh,Female,55,Bengaluru,Karnataka,Small Business,2023-02-01
CUST01399,Aarav Gupta,Male,40,Lucknow,Uttar Pradesh,Small Business,2024-03-25
CUST01405,Aditya Kumar,Female,40,Chandigarh,Chandigarh,Consumer,2023-12-11
CUST01409,Nikhil Srivastava,Male,42,Lucknow,Uttar Pradesh,Consumer,2022-10-27
CUST01413,Sneha Malhotra,Male,30,Dehradun,Uttarakhand,Consumer,2024-12-17
CUST01414,Aditya Yadav,Female,18,Coimbatore,Tamil Nadu,Consumer,2022-01-09
CUST01415,Aditya Gupta,Female,36,Nagpur,Maharashtra,Corporate,2023-10-16
CUST01416,Neha Mehta,Female,39,Coimbatore,Tamil Nadu,Corporate,2023-10-25
CUST01419,Rahul Jain,Female,19,Kolkata,West Bengal,Consumer,2022-06-12
CUST01421,Kavya Kumar,Female,40,Patna,Bihar,Corporate,2022-07-27
CUST01423,Kunal Singh,Female,21,Nagpur,Maharashtra,Small Business,2025-01-02
CUST01427,Vikram Verma,Female,18,Chennai,Tamil Nadu,Consumer,2022-07-19
CUST01431,Sneha Srivastava,Male,50,Indore,Madhya Pradesh,Corporate,2023-02-24
CUST01436,Aditya Mehta,Female,45,Jaipur,Rajasthan,Small Business,2024-05-20
CUST01441,Rahul Mishra,Male,23,Coimbatore,Tamil Nadu,Consumer,2024-06-07
CUST01446,Vivaan Shah,Female,46,Lucknow,Uttar Pradesh,Small Business,2024-08-19
CUST01448,Kunal Patel,Male,56,Guwahati,Assam,Consumer,2022-08-18
CUST01452,Nikhil Yadav,Male,43,Lucknow,Uttar Pradesh,Consumer,2025-02-27
CUST01455,Vikram Agarwal,Female,23,Nagpur,Maharashtra,Consumer,2022-02-15
CUST01457,Vivaan Kumar,Female,19,Guwahati,Assam,Consumer,2024-07-27
CUST01458,Vikram Singh,Female,46,Indore,Madhya Pradesh,Small Business,2024-10-08
CUST01460,Rahul Kumar,Female,39,Bhopal,Madhya Pradesh,Consumer,2022-04-01
CUST01461,Arjun Kapoor,Female,47,Coimbatore,Tamil Nadu,Consumer,2023-10-01
CUST01465,Sneha Singh,Female,38,Kolkata,West Bengal,Consumer,2023-01-12
CUST01473,Sneha Sharma,Male,36,Surat,Gujarat,Consumer,2023-07-03
CUST01478,Aditya Kapoor,Female,39,Ahmedabad,Gujarat,Consumer,2023-01-19
CUST01481,Kunal Chauhan,Male,21,Chandigarh,Chandigarh,Corporate,2025-03-14
CUST01485,Aarav Shah,Male,36,Surat,Gujarat,Corporate,2023-03-26
CUST01496,Isha Verma,Male,32,Surat,Gujarat,Corporate,2023-04-30
CUST01497,Sneha Joshi,Male,19,Nagpur,Maharashtra,Consumer,2024-06-03
CUST01505,Nikhil Chauhan,Male,44,Bengaluru,Karnataka,Corporate,2024-10-15
CUST01508,Pooja Mishra,Male,23,Indore,Madhya Pradesh,Consumer,2022-06-06
CUST01511,Vikram Shah,Female,33,Pune,Maharashtra,Corporate,2024-08-06
CUST01524,Rahul Sharma,Male,18,Chandigarh,Chandigarh,Small Business,2022-03-12
CUST01526,Kavya Sharma,Male,47,Delhi,Delhi,Corporate,2024-05-02
CUST01527,Pooja Mishra,Male,29,Pune,Maharashtra,Consumer,2023-07-20
CUST01530,Priya Patel,Female,45,Patna,Bihar,Corporate,2023-06-22
CUST01536,Aditi Agarwal,Male,49,Lucknow,Uttar Pradesh,Consumer,2022-06-24
CUST01544,Riya Sharma,Male,18,Nagpur,Maharashtra,Corporate,2024-11-15
CUST01545,Pooja Gupta,Male,21,Dehradun,Uttarakhand,Corporate,2022-10-03
CUST01547,Neha Joshi,Male,43,Hyderabad,Telangana,Small Business,2022-06-10
CUST01556,Vivaan Gupta,Female,43,Chandigarh,Chandigarh,Consumer,2024-06-16
CUST01557,Rohan Chauhan,Male,40,Bhubaneswar,Odisha,Small Business,2023-10-31
CUST01562,Vivaan Kapoor,Male,28,Dehradun,Uttarakhand,Consumer,2022-03-26
CUST01564,Pooja Kumar,Male,42,Patna,Bihar,Consumer,2023-06-15
CUST01569,Kavya Mishra,Female,52,Patna,Bihar,Consumer,2023-12-30
CUST01577,Vikram Joshi,Male,41,Nagpur,Maharashtra,Consumer,2022-04-28
CUST01580,Ananya Singh,Female,35,Bengaluru,Karnataka,Consumer,2022-02-12
CUST01581,Nikhil Agarwal,Male,27,Mumbai,Maharashtra,Corporate,2023-10-14
CUST01582,Neha Saxena,Male,51,Ludhiana,Punjab,Corporate,2023-01-11
CUST01586,Priya Singh,Female,46,Mumbai,Maharashtra,Corporate,2023-07-29
CUST01589,Neha Saxena,Female,51,Kolkata,West Bengal,Small Business,2024-06-30
CUST01590,Rahul Srivastava,Male,30,Lucknow,Uttar Pradesh,Consumer,2023-03-02
CUST01591,Meera Malhotra,Male,53,Kochi,Kerala,Consumer,2024-11-19
CUST01595,Ananya Gupta,Female,38,Hyderabad,Telangana,Consumer,2022-03-10
CUST01600,Neha Kapoor,Male,31,Hyderabad,Telangana,Consumer,2023-07-16
CUST01603,Riya Singh,Male,42,Kolkata,West Bengal,Corporate,2022-12-09
CUST01604,Rahul Kumar,Male,32,Mumbai,Maharashtra,Corporate,2022-05-01
CUST01607,Rahul Sharma,Male,31,Chandigarh,Chandigarh,Consumer,2022-12-11
CUST01610,Arjun Malhotra,Female,35,Jaipur,Rajasthan,Corporate,2024-10-03
CUST01611,Rahul Malhotra,Male,43,Coimbatore,,Corporate,2022-01-23
CUST01614,Arjun Singh,Male,40,Hyderabad,Telangana,Small Business,2022-06-29
CUST01619,Vikram Singh,Female,42,Jaipur,Rajasthan,Small Business,2024-07-02
CUST01620,Nikhil Gupta,Male,45,Guwahati,Assam,Consumer,2023-01-26
CUST01622,Arjun Singh,Male,25,Lucknow,Uttar Pradesh,Small Business,2023-01-31
CUST01630,Neha Mishra,Male,51,Jaipur,Rajasthan,Small Business,2022-10-13
CUST01632,Nikhil Yadav,Female,36,Bhubaneswar,Odisha,Corporate,2022-02-02
CUST01638,Vikram Kumar,Male,43,Bengaluru,Karnataka,Consumer,2023-08-29
CUST01640,Aditi Mehta,Female,25,Mumbai,Maharashtra,Small Business,2023-06-07
CUST01641,Kavya Yadav,Female,36,Hyderabad,Telangana,Consumer,2024-03-29
CUST01643,Arjun Kumar,Male,45,Surat,Gujarat,Small Business,2023-12-13
CUST01650,Vikram Agarwal,Female,25,Kolkata,West Bengal,Consumer,2024-02-16
CUST01659,Rohan Mishra,Female,42,Kolkata,West Bengal,Consumer,2022-01-31
CUST01663,Riya Mishra,Male,32,Ludhiana,Punjab,Consumer,2022-10-11
CUST01665,Sneha Singh,Male,18,Bhopal,Madhya Pradesh,Corporate,2025-03-28
CUST01671,Riya Malhotra,Female,43,Kochi,Kerala,Consumer,2023-08-16
CUST01673,Ananya Gupta,Female,55,Dehradun,Uttarakhand,Corporate,2024-04-08
CUST01678,Aditi Verma,Female,37,Surat,Gujarat,Corporate,2024-10-12
CUST01682,Amit Malhotra,Female,21,Lucknow,Uttar Pradesh,Consumer,2023-01-16
CUST01683,Amit Mehta,Female,52,Lucknow,Uttar Pradesh,Corporate,2023-11-30
CUST01695,Rohan Saxena,Male,34,Chandigarh,Chandigarh,Small Business,2022-07-26
CUST01696,Aditi Mehta,Male,26,Hyderabad,Telangana,Consumer,2024-06-24
CUST01700,Vikram Joshi,Male,31,Guwahati,Assam,Consumer,2022-02-03
CUST01706,Isha Mishra,Female,51,Kolkata,West Bengal,Consumer,2024-02-10
CUST01709,Isha Srivastava,Female,150,Dehradun,Uttarakhand,Consumer,2022-05-08
CUST01712,Meera Kapoor,Female,34,Indore,Madhya Pradesh,Consumer,2024-09-21
CUST01715,Pooja Mehta,Male,35,Chennai,Tamil Nadu,Consumer,2025-04-07
CUST01721,Neha Verma,Female,50,Delhi,Delhi,Consumer,2023-02-01
CUST01725,Isha Sharma,Female,32,Bhopal,Madhya Pradesh,Corporate,2024-06-18
CUST01726,Pooja Verma,Female,40,Coimbatore,Tamil Nadu,Consumer,2025-04-13
CUST01730,Aditya Shah,Female,30,Jaipur,Rajasthan,Small Business,2024-03-29
CUST01742,Sneha Jain,Female,49,Kochi,Kerala,Corporate,2024-11-20
CUST01747,Pooja Joshi,Female,34,Guwahati,Assam,Small Business,2022-01-17
CUST01749,Vikram Joshi,Male,31,Coimbatore,Tamil Nadu,Consumer,2023-01-21
CUST01752,Aarav Yadav,Male,18,Bhubaneswar,Odisha,Consumer,2022-07-01
CUST01760,Priya Jain,Male,34,Nagpur,Maharashtra,Consumer,2025-02-07
CUST01766,Kavya Gupta,Male,37,Patna,Bihar,Small Business,2023-07-13
CUST01776,Sneha Verma,Female,45,Jaipur,Rajasthan,Small Business,2024-10-29
CUST01777,Ananya Agarwal,Female,43,Pune,Maharashtra,Consumer,2022-05-04
CUST01781,Vikram Sharma,Female,35,Delhi,Delhi,Consumer,2022-04-19
CUST01782,Kunal Agarwal,Male,48,Pune,Maharashtra,Small Business,2024-11-22
CUST01786,Isha Yadav,Male,24,Dehradun,Uttarakhand,Corporate,2025-01-23
CUST01797,Nikhil Kapoor,Female,34,Guwahati,Assam,Small Business,2024-02-02
CUST01798,Aarav Malhotra,Male,41,Ludhiana,Punjab,Consumer,2024-02-07
CUST01799,Sneha Srivastava,Female,42,Indore,Madhya Pradesh,Corporate,2024-10-22
CUST01806,Nikhil Kumar,Female,40,Lucknow,Uttar Pradesh,Small Business,2022-05-14
CUST01808,Rahul Malhotra,Female,18,Indore,Madhya Pradesh,Consumer,2022-12-07
CUST01813,Rohan Malhotra,Female,44,Chennai,Tamil Nadu,Consumer,2025-01-02
CUST01819,Aditya Verma,Female,48,Jaipur,Rajasthan,Consumer,2024-06-17
CUST01820,Arjun Kapoor,Female,33,Mumbai,Maharashtra,Small Business,2024-02-01
CUST01821,Aarav Kapoor,Female,47,Mumbai,Maharashtra,Consumer,2024-11-16
CUST01824,Meera Kumar,Female,46,Bhubaneswar,Odisha,Small Business,2022-09-23
CUST01828,Neha Shah,Female,38,Guwahati,Assam,Corporate,2022-12-29
CUST01842,Nikhil Yadav,Male,36,Jaipur,Rajasthan,Corporate,2022-05-22
CUST01847,Aditya Verma,Female,54,Ahmedabad,Gujarat,Small Business,2023-03-23
CUST01851,Riya Sharma,Female,36,Delhi,Delhi,Consumer,2023-12-27
CUST01852,Kavya Gupta,Female,34,Dehradun,Uttarakhand,Consumer,2022-03-08
CUST01858,Nikhil Agarwal,Male,28,Nagpur,Maharashtra,Consumer,2024-09-14
CUST01860,Sneha Singh,Female,41,Kochi,Kerala,Corporate,2024-03-09
CUST01862,Kunal Verma,Female,64,Mumbai,Maharashtra,Corporate,2023-05-05
CUST01868,Aditya Srivastava,Female,41,Kochi,Kerala,Small Business,2024-11-19
CUST01869,Amit Saxena,Female,23,Lucknow,Uttar Pradesh,Consumer,2024-04-21
CUST01871,Neha Gupta,Male,48,Lucknow,Uttar Pradesh,Consumer,2022-04-30
CUST01873,Arjun Agarwal,Female,42,Bengaluru,Karnataka,Corporate,2024-01-29
CUST01874,Isha Chauhan,Female,18,Patna,,Consumer,2023-11-19
CUST01880,Kavya Singh,Female,18,Jaipur,Rajasthan,Consumer,2024-01-03
CUST01881,Ananya Kapoor,Male,47,Ahmedabad,Gujarat,Consumer,2024-10-16
CUST01882,Nikhil Shah,Female,45,Dehradun,Uttarakhand,Consumer,2022-10-30
CUST01883,Aditya Agarwal,Male,38,Chandigarh,Chandigarh,Consumer,2024-04-12
CUST01885,Arjun Singh,Male,55,Bengaluru,Karnataka,Consumer,2025-01-01
CUST01886,Aditi Chauhan,Female,62,Chandigarh,Chandigarh,Corporate,2025-03-17
CUST01889,Aditya Mishra,Male,29,Delhi,Delhi,Consumer,2024-11-08
CUST01891,Kunal Yadav,Female,40,Ludhiana,Punjab,Consumer,2022-12-15
CUST01895,Isha Jain,Female,38,Jaipur,Rajasthan,Consumer,2024-02-18
CUST01906,Vikram Shah,Male,37,Dehradun,Uttarakhand,Consumer,2022-01-25
CUST01910,Neha Sharma,Female,36,Patna,Bihar,Corporate,2024-09-23
CUST01911,Vivaan Sharma,Male,28,Delhi,Delhi,Consumer,2025-04-10
CUST01912,Sneha Gupta,Male,22,Bhubaneswar,Odisha,Consumer,2023-04-19
CUST01918,Ananya Mishra,Female,30,Indore,Madhya Pradesh,Small Business,2024-03-25
CUST01919,Vivaan Mehta,Male,30,Surat,Gujarat,Corporate,2023-01-03
CUST01920,Sneha Kumar,Male,38,Bhopal,Madhya Pradesh,Small Business,2023-09-21
CUST01924,Aditya Mehta,Male,42,Surat,Gujarat,Consumer,2023-10-10
CUST01926,Aarav Singh,Female,31,Jaipur,Rajasthan,Small Business,2022-10-27
CUST01937,Priya Gupta,Female,18,Ahmedabad,Gujarat,Consumer,2022-12-17
CUST01939,Priya Verma,Female,29,Guwahati,Assam,Corporate,2023-02-24
CUST01944,Aarav Agarwal,Female,45,Lucknow,Uttar Pradesh,Small Business,2024-04-20
CUST01945,Sneha Agarwal,Female,45,Ahmedabad,Gujarat,Corporate,2022-03-28
CUST01946,Isha Saxena,Female,32,Jaipur,Rajasthan,Consumer,2024-09-10
CUST01954,Neha Kumar,Female,18,Indore,Madhya Pradesh,Corporate,2024-03-12
CUST01963,Neha Mehta,Male,36,Chandigarh,Chandigarh,Small Business,2024-04-05
CUST01972,Pooja Yadav,Male,45,Patna,Bihar,Consumer,2023-04-12
CUST01977,Riya Kapoor,Male,37,Patna,Bihar,Corporate,2022-03-04
CUST01985,Kunal Patel,Male,33,Chennai,Tamil Nadu,Consumer,2023-01-26
CUST01987,Sneha Verma,Female,27,Kolkata,West Bengal,Consumer,2023-11-17
CUST01988,Amit Yadav,Male,18,Ludhiana,Punjab,Corporate,2023-09-19
CUST01992,Kunal Mishra,Other,49,Surat,Gujarat,Corporate,2023-05-31
CUST01993,Riya Srivastava,Male,46,Mumbai,Maharashtra,Corporate,2024-01-08
CUST01994,Vivaan Singh,Male,150,Chennai,Tamil Nadu,Small Business,2022-07-03
CUST02000,Aditi Singh,Female,33,Mumbai,Maharashtra,Small Business,2023-06-12
CUST02006,Vivaan Sharma,Male,44,Jaipur,Rajasthan,Consumer,2023-04-26
CUST02007,Kunal Mehta,Female,20,Surat,Gujarat,Consumer,2022-02-23
CUST02009,Arjun Sharma,Male,31,Coimbatore,Tamil Nadu,Consumer,2022-07-08
CUST02010,Sneha Chauhan,Male,24,Bengaluru,Karnataka,Consumer,2023-04-15
CUST02013,Pooja Kumar,Male,48,Chandigarh,Chandigarh,Corporate,2022-04-09
CUST02014,Ananya Agarwal,Female,26,Patna,Bihar,Small Business,2022-03-24
CUST02019,Aditya Jain,Male,38,Hyderabad,Telangana,Consumer,2023-06-06
CUST02024,Sneha Gupta,Female,25,Bengaluru,Karnataka,Consumer,2024-04-03
CUST02028,Isha Srivastava,Female,42,Patna,Bihar,Consumer,2024-10-28
CUST02029,Aarav Mishra,Male,37,Bhopal,Madhya Pradesh,Corporate,2024-03-18
CUST02031,Rohan Mishra,Female,28,Nagpur,Maharashtra,Small Business,2023-07-16
CUST02032,Aarav Sharma,Female,22,Chandigarh,Chandigarh,Small Business,2023-04-13
CUST02040,Pooja Srivastava,Male,38,Surat,Gujarat,Consumer,2022-02-04
CUST02042,Aditi Saxena,Female,34,Bhubaneswar,Odisha,Corporate,2024-03-16
CUST02043,Kunal Kapoor,Female,48,Kochi,Kerala,Consumer,2022-06-30
CUST02045,Rohan Sharma,Male,29,Mumbai,Maharashtra,Corporate,2025-02-28
CUST02046,Meera Kumar,Male,33,Guwahati,Assam,Consumer,2024-07-24
CUST02051,Isha Kapoor,Male,37,Chandigarh,Chandigarh,Consumer,2025-02-17
CUST02060,Aditi Mishra,Male,45,Ahmedabad,Gujarat,Corporate,2023-12-01
CUST02063,Nikhil Sharma,Male,21,Chandigarh,Chandigarh,Corporate,2023-02-06
CUST02064,Aditi Shah,Male,31,Hyderabad,Telangana,Corporate,2025-02-06
CUST02065,Nikhil Gupta,Female,41,Nagpur,Maharashtra,Consumer,2022-01-18
CUST02071,Vivaan Gupta,Female,69,Ludhiana,Punjab,Corporate,2023-04-15
CUST02074,Priya Srivastava,Female,40,Pune,Maharashtra,Consumer,2024-02-01
CUST02077,Aditya Chauhan,Female,37,Indore,Madhya Pradesh,Corporate,2023-07-16
CUST02079,Riya Verma,Male,50,Dehradun,Uttarakhand,Consumer,2024-02-05
CUST02080,Kavya Saxena,Female,34,Jaipur,Rajasthan,Corporate,2023-06-20
CUST02084,Rohan Mishra,Female,45,Chennai,Tamil Nadu,Corporate,2022-09-27
CUST02085,Aditya Mehta,Male,40,Jaipur,Rajasthan,Consumer,2023-06-25
CUST02094,Isha Verma,Female,53,Ludhiana,Punjab,Consumer,2023-05-10
CUST02110,Vikram Verma,Male,26,Mumbai,Maharashtra,Consumer,2023-12-31
CUST02111,Priya Gupta,Male,32,Mumbai,Maharashtra,Consumer,2022-09-12
CUST02116,Isha Kumar,Male,32,Ludhiana,Punjab,Consumer,2025-03-06
CUST02125,Amit Chauhan,Female,150,Kochi,Kerala,Consumer,2022-05-25
CUST02127,Isha Gupta,Female,38,Mumbai,Maharashtra,Consumer,2025-02-06
CUST02129,Arjun Shah,Female,22,Delhi,Delhi,Corporate,2024-10-25
CUST02131,Arjun Kumar,Male,48,Hyderabad,Telangana,Consumer,2024-05-28
CUST02132,Kunal Mehta,Male,30,Guwahati,Assam,Consumer,2023-01-25
CUST02138,Riya Joshi,Male,28,Lucknow,Uttar Pradesh,Consumer,2024-09-03
CUST02139,Riya Mehta,Male,64,Bhopal,Madhya Pradesh,Small Business,2022-05-12
CUST02141,Neha Shah,Female,21,Hyderabad,Telangana,Small Business,2022-02-27
CUST02145,Vivaan Verma,Female,25,Pune,Maharashtra,Consumer,2023-11-12
CUST02152,Arjun Mehta,Female,30,Pune,Maharashtra,Consumer,2023-05-09
CUST02154,Aditya Yadav,Female,44,Bhopal,Madhya Pradesh,Corporate,2025-04-09
CUST02157,Aditi Gupta,Female,30,Surat,Gujarat,Consumer,2022-07-07
CUST02159,Nikhil Singh,Male,40,Coimbatore,Tamil Nadu,Consumer,2024-03-22
CUST02160,Amit Gupta,Female,39,Pune,Maharashtra,Consumer,2022-02-12
CUST02161,Meera Shah,Male,46,Coimbatore,Tamil Nadu,Small Business,2023-07-07
CUST02162,Kunal Kumar,Female,21,Dehradun,Uttarakhand,Consumer,2023-01-21
CUST02165,Priya Kumar,Male,46,Patna,Bihar,Consumer,2023-07-21
CUST02167,Vivaan Joshi,Female,34,Mumbai,Maharashtra,Corporate,2022-08-30
CUST02173,Aditya Srivastava,Female,51,Guwahati,Assam,Corporate,2022-09-04
CUST02174,Arjun Saxena,Male,40,Kochi,Kerala,Consumer,2022-12-04
CUST02176,Aditya Agarwal,Female,35,Kochi,Kerala,Consumer,2022-06-15
CUST02178,Aditya Mehta,Female,28,Indore,Madhya Pradesh,Corporate,2022-06-24
CUST02180,Amit Srivastava,Male,28,Indore,Madhya Pradesh,Consumer,2023-01-02
CUST02184,Ananya Yadav,Female,41,Chennai,Tamil Nadu,Consumer,2023-05-11
CUST02187,Sneha Mishra,Male,18,Mumbai,Maharashtra,Consumer,2024-05-05
CUST02188,Pooja Mishra,Female,18,Dehradun,,Consumer,2025-02-12
CUST02193,Rohan Jain,Female,42,Mumbai,Maharashtra,Consumer,2022-04-29
CUST02198,Meera Singh,Female,48,Kolkata,West Bengal,Corporate,2022-11-27
CUST02201,Aditya Jain,Other,37,Ahmedabad,Gujarat,Consumer,2023-07-02
CUST02206,Isha Malhotra,Female,31,Coimbatore,Tamil Nadu,Corporate,2024-02-07
CUST02209,Riya Malhotra,Male,24,Dehradun,Uttarakhand,Corporate,2025-04-07
CUST02216,Arjun Verma,Female,27,Ahmedabad,Gujarat,Consumer,2024-04-11
CUST02217,Pooja Gupta,Female,18,Surat,Gujarat,Corporate,2024-06-05
CUST02228,Kunal Kapoor,Female,43,Patna,Bihar,Consumer,2024-12-31
CUST02229,Ananya Patel,Male,40,Mumbai,Maharashtra,Consumer,2024-01-05
CUST02235,Pooja Jain,Male,18,Nagpur,Maharashtra,Corporate,2024-04-22
CUST02236,Priya Joshi,Female,37,Coimbatore,Tamil Nadu,Consumer,2022-05-14
CUST02242,Arjun Shah,Female,36,Chennai,Tamil Nadu,Corporate,2024-06-26
CUST02246,Priya Jain,Female,22,Kolkata,West Bengal,Consumer,2022-09-29
CUST02250,Pooja Yadav,Male,32,Surat,Gujarat,Corporate,2024-08-08
CUST02251,Meera Shah,Male,61,Bhopal,Madhya Pradesh,Consumer,2022-03-05
CUST02262,Kavya Agarwal,Female,34,Guwahati,Assam,Corporate,2022-05-05
CUST02265,Sneha Gupta,Female,39,Jaipur,Rajasthan,Consumer,2024-01-26
CUST02266,Aditya Joshi,Male,41,Jaipur,Rajasthan,Consumer,2025-02-24
CUST02269,Aarav Jain,Male,39,Jaipur,Rajasthan,Corporate,2024-12-15
CUST02275,Riya Kumar,Female,42,Chandigarh,Chandigarh,Small Business,2022-01-26
CUST02279,Aditya Malhotra,Female,150,Ahmedabad,Gujarat,Small Business,2024-07-06
CUST02280,Pooja Malhotra,Female,47,Chennai,Tamil Nadu,Consumer,2022-03-29
CUST02282,Nikhil Verma,Female,35,Pune,Maharashtra,Consumer,2023-02-25
CUST02284,Riya Chauhan,Female,34,Coimbatore,Tamil Nadu,Consumer,2022-06-01
CUST02285,Aditya Malhotra,Female,46,Chennai,Tamil Nadu,Small Business,2025-04-01
CUST02286,Aarav Mehta,Male,18,Kolkata,West Bengal,Small Business,2023-05-02
CUST02290,Pooja Chauhan,Male,20,Surat,Gujarat,Consumer,2022-12-24
CUST02291,Vivaan Verma,Female,31,Ahmedabad,Gujarat,Consumer,2023-06-28
CUST02296,Priya Shah,Female,23,Coimbatore,Tamil Nadu,Consumer,2024-04-17
CUST02305,Isha Chauhan,Male,30,Patna,Bihar,Consumer,2022-11-30
CUST02307,Vikram Saxena,Female,28,Pune,Maharashtra,Consumer,2024-01-05
CUST02314,Nikhil Agarwal,Female,33,Delhi,Delhi,Consumer,2023-08-23
CUST02315,Rohan Yadav,Male,33,Ludhiana,Punjab,Consumer,2024-10-09
CUST02321,Aditya Mishra,Female,29,Jaipur,Rajasthan,Small Business,2022-10-31
CUST02336,Meera Srivastava,Male,21,Bhopal,Madhya Pradesh,Corporate,2024-07-04
CUST02340,Rahul Saxena,Male,36,Jaipur,Rajasthan,Corporate,2024-01-30
CUST02345,Aditi Shah,Female,38,Nagpur,Maharashtra,Small Business,2023-04-26
CUST02348,Vikram Shah,Male,42,Kochi,Kerala,Consumer,2023-12-09
CUST02350,Aditi Kapoor,Female,44,Bhopal,Madhya Pradesh,Consumer,2024-09-17
CUST02357,Aditi Sharma,Female,30,Surat,Gujarat,Small Business,2022-03-02
CUST02360,Priya Mishra,Male,26,Ludhiana,Punjab,Consumer,2023-03-17
CUST02365,Riya Joshi,Female,37,Kochi,Kerala,Consumer,2023-08-21
CUST02371,Kunal Malhotra,Male,39,Lucknow,Uttar Pradesh,Consumer,2022-04-30
CUST02381,Riya Singh,Female,18,Chandigarh,Chandigarh,Consumer,2023-03-07
CUST02382,Rohan Joshi,Male,39,Surat,Gujarat,Corporate,2024-12-01
CUST02384,Pooja Verma,Female,44,Ahmedabad,Gujarat,Consumer,2022-06-01
CUST02390,Ananya Singh,Female,23,Bhubaneswar,Odisha,Consumer,2023-12-04
CUST02399,Pooja Verma,Female,44,Dehradun,Uttarakhand,Small Business,2023-02-18
CUST02403,Aarav Gupta,Female,22,Kochi,Kerala,Consumer,2022-03-26
CUST02404,Vivaan Agarwal,Male,18,Nagpur,Maharashtra,Consumer,2022-07-07
CUST02408,Kunal Mehta,Female,21,Hyderabad,Telangana,Consumer,2022-04-05
CUST02410,Amit Singh,Male,28,Lucknow,Uttar Pradesh,Small Business,2022-04-01
CUST02412,Vivaan Saxena,Male,31,Delhi,Delhi,Consumer,2024-08-02
CUST02414,Arjun Jain,Male,29,Bengaluru,Karnataka,Consumer,2022-05-02
CUST02416,Aditi Mishra,Male,18,Indore,Madhya Pradesh,Corporate,2023-05-02
CUST02423,Aditi Gupta,Male,40,Jaipur,Rajasthan,Consumer,2025-03-10
CUST02425,Kunal Saxena,Male,38,Pune,Maharashtra,Consumer,2022-06-21
CUST02426,Pooja Srivastava,Female,18,Nagpur,Maharashtra,Small Business,2023-12-12
CUST02434,Kunal Yadav,Male,37,Mumbai,Maharashtra,Corporate,2024-08-21
CUST02437,Riya Saxena,Female,27,Chennai,Tamil Nadu,Corporate,2025-01-04
CUST02440,Aditya Mishra,Female,44,Delhi,Delhi,Consumer,2022-08-16
CUST02441,Pooja Sharma,Female,48,Pune,Maharashtra,Small Business,2022-12-08
CUST02443,Aditya Verma,Male,35,Lucknow,Uttar Pradesh,Consumer,2024-10-03
CUST02445,Riya Gupta,Male,35,Bengaluru,Karnataka,Consumer,2024-06-11
CUST02450,Vivaan Verma,Female,23,Chandigarh,Chandigarh,Small Business,2022-05-30
CUST02459,Riya Chauhan,Female,55,Indore,Madhya Pradesh,Consumer,2023-07-30
CUST02461,Neha Gupta,Female,36,Pune,Maharashtra,Consumer,2022-08-08
CUST02463,Amit Srivastava,Male,37,Indore,Madhya Pradesh,Consumer,2022-02-28
CUST02465,Arjun Kapoor,Female,26,Indore,Madhya Pradesh,Consumer,2023-12-06
CUST02468,Meera Kumar,Female,18,Chennai,Tamil Nadu,Corporate,2022-01-02
CUST02474,Sneha Patel,Female,33,Ludhiana,Punjab,Consumer,2024-04-13
CUST02477,Pooja Mehta,Female,30,Bhopal,Madhya Pradesh,Consumer,2024-10-27
CUST02480,Vivaan Chauhan,Male,40,Jaipur,Rajasthan,Consumer,2024-11-15
CUST02481,Kavya Kapoor,Male,44,Chennai,Tamil Nadu,Small Business,2022-01-05
CUST02483,Amit Jain,Male,37,Chandigarh,Chandigarh,Corporate,2023-11-02
CUST02484,Priya Patel,Male,29,Pune,Maharashtra,Consumer,2023-01-12
CUST02486,Vivaan Shah,Female,36,Pune,Maharashtra,Consumer,2024-04-24
CUST02488,Amit Agarwal,Female,22,Delhi,Delhi,Corporate,2023-08-19
CUST02492,Priya Malhotra,Female,30,Dehradun,Uttarakhand,Consumer,2024-02-20
CUST02494,Meera Yadav,Male,43,Bengaluru,Karnataka,Corporate,2025-03-09
CUST02499,Kavya Gupta,Male,44,Lucknow,Uttar Pradesh,Consumer,2023-05-20
CUST02502,Ananya Saxena,Female,18,Jaipur,Rajasthan,Consumer,2022-04-04
CUST02503,Aditi Chauhan,Female,33,Kochi,Kerala,Consumer,2022-10-12
CUST02505,Ananya Mishra,Female,27,Delhi,Delhi,Small Business,2023-11-17
CUST02506,Arjun Joshi,Male,18,Jaipur,Rajasthan,Small Business,2023-06-14
CUST02509,Kavya Gupta,Male,22,Ahmedabad,Gujarat,Consumer,2024-04-15
CUST02512,Rahul Saxena,Male,33,Kolkata,West Bengal,Consumer,2022-01-04
CUST02528,Aditi Joshi,Male,45,Patna,Bihar,Corporate,2022-04-22
CUST02530,Kunal Malhotra,Female,59,Nagpur,Maharashtra,Consumer,2024-06-13
CUST02532,Rohan Srivastava,Male,25,Coimbatore,Tamil Nadu,Consumer,2022-04-14
CUST02538,Aditi Kumar,Female,36,Indore,Madhya Pradesh,Small Business,2025-01-12
CUST02541,Meera Jain,Female,63,Mumbai,Maharashtra,Corporate,2024-02-11
CUST02543,Sneha Kumar,Male,49,Guwahati,Assam,Small Business,2025-02-13
CUST02548,Kavya Jain,Male,18,Nagpur,Maharashtra,Corporate,2023-12-26
CUST02549,Priya Gupta,Female,40,Indore,Madhya Pradesh,Consumer,2022-10-27
CUST02551,Aditya Mishra,Male,24,Chennai,Tamil Nadu,Consumer,2022-10-04
CUST02553,Amit Singh,Female,23,Ludhiana,Punjab,Consumer,2023-02-24
CUST02557,Rahul Sharma,Female,45,Coimbatore,Tamil Nadu,Corporate,2023-07-11
CUST02560,Amit Srivastava,Male,41,Nagpur,Maharashtra,Corporate,2022-11-29
CUST02562,Neha Yadav,Female,47,Pune,Maharashtra,Small Business,2023-01-09
CUST02566,Kavya Srivastava,Female,39,Surat,Gujarat,Consumer,2024-10-11
CUST02569,Pooja Kumar,Female,53,Ahmedabad,Gujarat,Consumer,2024-09-05
CUST02575,Aditya Verma,Male,35,Coimbatore,Tamil Nadu,Consumer,2023-02-26
CUST02578,Sneha Kapoor,Female,36,Surat,Gujarat,Consumer,2024-05-28
CUST02579,Amit Jain,Female,37,Guwahati,Assam,Consumer,2024-09-04
CUST02581,Riya Kumar,Female,21,Ahmedabad,,Consumer,2023-02-03
CUST02584,Isha Joshi,Female,18,Chennai,Tamil Nadu,Consumer,2022-01-16
CUST02601,Isha Mehta,Male,35,Kolkata,West Bengal,Corporate,2023-03-23
CUST02603,Priya Kumar,Female,30,Coimbatore,Tamil Nadu,Corporate,2024-06-12
CUST02604,Neha Agarwal,Female,150,Nagpur,Maharashtra,Consumer,2023-01-02
CUST02610,Rahul Joshi,Male,18,Kolkata,West Bengal,Consumer,2023-01-06
CUST02616,Priya Singh,Female,38,Chennai,Tamil Nadu,Consumer,2024-01-04
CUST02617,Amit Kapoor,Male,35,Guwahati,Assam,Consumer,2022-02-20
CUST02627,Aditi Gupta,Other,44,Guwahati,Assam,Consumer,2022-09-03
CUST02631,Arjun Yadav,Female,42,Patna,Bihar,Corporate,2024-06-06
CUST02633,Vikram Mehta,Male,36,Patna,Bihar,Corporate,2023-10-09
CUST02641,Aditi Chauhan,Male,44,Dehradun,Uttarakhand,Consumer,2022-01-26
CUST02645,Rahul Gupta,Male,37,Surat,Gujarat,Consumer,2024-06-07
CUST02646,Rohan Patel,Male,18,Lucknow,Uttar Pradesh,Corporate,2022-02-22
CUST02656,Vivaan Chauhan,Male,36,Nagpur,Maharashtra,Corporate,2025-01-16
CUST02661,Amit Yadav,Other,30,Surat,Gujarat,Consumer,2025-01-27
CUST02667,Kavya Verma,Female,34,Dehradun,Uttarakhand,Consumer,2023-08-29
CUST02671,Priya Patel,Other,27,Coimbatore,Tamil Nadu,Consumer,2024-01-31
CUST02672,Vikram Saxena,Female,37,Kolkata,West Bengal,Consumer,2022-05-29
CUST02673,Vikram Jain,Male,41,Kolkata,West Bengal,Corporate,2022-04-28
CUST02674,Sneha Srivastava,Female,36,Ludhiana,Punjab,Corporate,2024-06-06
CUST02675,Kavya Yadav,Male,43,Patna,Bihar,Consumer,2022-06-04
CUST02677,Riya Jain,Male,29,Guwahati,Assam,Consumer,2024-12-04
CUST02686,Vikram Jain,Female,25,Indore,Madhya Pradesh,Consumer,2023-12-14
CUST02688,Nikhil Mishra,Male,39,Nagpur,Maharashtra,Consumer,2023-12-25
CUST02694,Ananya Gupta,Female,47,Surat,Gujarat,Corporate,2022-02-24
CUST02700,Isha Mehta,Female,18,Jaipur,Rajasthan,Corporate,2022-07-25
CUST02703,Riya Chauhan,Female,37,Ludhiana,Punjab,Consumer,2025-03-20
CUST02704,Ananya Joshi,Female,34,Kolkata,West Bengal,Consumer,2024-03-23
CUST02706,Amit Kapoor,Female,31,Mumbai,Maharashtra,Corporate,2024-08-21
CUST02708,Rahul Jain,Other,29,Mumbai,Maharashtra,Corporate,2022-04-08
CUST02710,Meera Singh,Male,41,Bhubaneswar,Odisha,Corporate,2023-12-12
CUST02711,Kunal Chauhan,Male,45,Delhi,Delhi,Consumer,2022-11-05
CUST02718,Nikhil Yadav,Female,47,Hyderabad,Telangana,Corporate,2024-10-10
CUST02733,Aditya Shah,Male,24,Patna,Bihar,Small Business,2022-05-19
CUST02735,Rohan Srivastava,Female,32,Surat,Gujarat,Small Business,2022-06-01
CUST02737,Nikhil Verma,Female,32,Nagpur,Maharashtra,Consumer,2024-05-23
CUST02742,Kunal Sharma,Female,42,Jaipur,Rajasthan,Corporate,2024-05-24
CUST02744,Isha Agarwal,Female,42,Patna,Bihar,Consumer,2023-09-01
CUST02745,Riya Agarwal,Male,51,Ludhiana,Punjab,Small Business,2022-01-20
CUST02747,Priya Kumar,Female,39,Ludhiana,Punjab,Consumer,2022-08-08
CUST02748,Kavya Mehta,Male,18,Coimbatore,Tamil Nadu,Consumer,2022-05-04
CUST02751,Rohan Malhotra,Male,40,Dehradun,Uttarakhand,Small Business,2024-01-16
CUST02753,Kunal Yadav,Female,31,Nagpur,Maharashtra,Consumer,2025-03-20
CUST02759,Meera Srivastava,Female,30,Pune,Maharashtra,Consumer,2024-03-07
CUST02762,Kunal Mehta,Female,32,Surat,Gujarat,Consumer,2023-04-20
CUST02764,Neha Srivastava,Male,27,Lucknow,Uttar Pradesh,Corporate,2025-04-05
CUST02765,Neha Shah,Female,46,Ludhiana,Punjab,Consumer,2024-07-25
CUST02766,Aditi Jain,Female,25,Bhopal,Madhya Pradesh,Consumer,2022-05-05
CUST02767,Meera Agarwal,Female,44,Ahmedabad,Gujarat,Corporate,2023-12-30
CUST02771,Kavya Yadav,Female,56,Chennai,Tamil Nadu,Small Business,2022-06-15
CUST02776,Riya Agarwal,Female,18,Mumbai,Maharashtra,Small Business,2024-07-03
CUST02784,Pooja Mehta,Male,52,Kolkata,West Bengal,Consumer,2022-02-11
CUST02788,Kavya Mishra,Male,38,Delhi,Delhi,Consumer,2022-05-20
CUST02790,Amit Mishra,Male,40,Kolkata,West Bengal,Corporate,2022-11-06
CUST02792,Ananya Shah,Male,34,Chandigarh,Chandigarh,Consumer,2022-10-22
CUST02809,Rahul Singh,Female,47,Coimbatore,Tamil Nadu,Small Business,2024-12-26
CUST02816,Rohan Malhotra,Female,35,Jaipur,Rajasthan,Corporate,2023-04-21
CUST02818,Nikhil Patel,Female,33,Bhubaneswar,Odisha,Consumer,2025-01-14
CUST02820,Aditi Patel,Female,33,Hyderabad,Telangana,Small Business,2024-11-29
CUST02823,Kavya Mehta,Female,32,Jaipur,Rajasthan,Corporate,2024-06-17
CUST02831,Aditi Mehta,Male,30,Patna,Bihar,Small Business,2024-05-04
CUST02832,Rohan Verma,Female,21,Coimbatore,Tamil Nadu,Consumer,2022-08-18
CUST02833,Sneha Agarwal,Other,34,Mumbai,Maharashtra,Corporate,2023-06-24
CUST02834,Priya Agarwal,Male,20,Nagpur,Maharashtra,Consumer,2023-09-30
CUST02838,Vivaan Verma,Male,27,Bhubaneswar,Odisha,Small Business,2024-11-15
CUST02844,Riya Kapoor,Female,52,Indore,Madhya Pradesh,Corporate,2023-10-08
CUST02845,Aditi Sharma,Male,36,Indore,Madhya Pradesh,Small Business,2022-12-14
CUST02847,Rohan Shah,Female,18,Kolkata,West Bengal,Consumer,2024-06-12
CUST02848,Aarav Kumar,Male,53,Ahmedabad,Gujarat,Consumer,2024-06-20
CUST02849,Kavya Chauhan,Female,41,Mumbai,Maharashtra,Consumer,2022-03-20
CUST02854,Aditi Srivastava,Male,31,Delhi,Delhi,Consumer,2022-05-09
CUST02857,Rohan Patel,Female,25,Nagpur,Maharashtra,Small Business,2022-08-01
CUST02862,Rahul Jain,Male,20,Patna,Bihar,Consumer,2024-10-28
CUST02865,Aditya Jain,Male,52,Delhi,Delhi,Small Business,2023-06-30
CUST02869,Isha Yadav,Female,27,Kolkata,West Bengal,Consumer,2022-05-31
CUST02871,Pooja Mehta,Female,34,Mumbai,Maharashtra,Corporate,2023-11-24
CUST02876,Nikhil Chauhan,Male,28,Bhopal,Madhya Pradesh,Small Business,2023-10-05
CUST02879,Kunal Chauhan,Female,49,Bhubaneswar,Odisha,Consumer,2022-06-21
CUST02882,Aditya Srivastava,Male,31,Dehradun,Uttarakhand,Consumer,2025-02-17
CUST02902,Vikram Mehta,Female,46,Coimbatore,Tamil Nadu,Small Business,2023-11-26
CUST02910,Riya Srivastava,Female,42,Pune,Maharashtra,Consumer,2024-05-15
CUST02916,Priya Agarwal,Male,35,Surat,Gujarat,Corporate,2022-10-10
CUST02917,Meera Saxena,Female,31,Bengaluru,Karnataka,Corporate,2022-12-03
CUST02925,Riya Kumar,Male,37,Surat,Gujarat,Corporate,2022-09-18
CUST02936,Ananya Singh,Female,33,Dehradun,Uttarakhand,Consumer,2023-05-10
CUST02937,Rohan Mishra,Female,18,Kochi,Kerala,Small Business,2022-01-07
CUST02944,Nikhil Chauhan,Female,42,Ludhiana,,Corporate,2025-02-02
CUST02955,Arjun Joshi,Male,30,Mumbai,Maharashtra,Consumer,2025-02-06
CUST02959,Aditya Sharma,Male,63,Bhopal,Madhya Pradesh,Consumer,2023-08-31
CUST02960,Riya Kumar,Female,20,Indore,Madhya Pradesh,Consumer,2024-10-16
CUST02962,Priya Saxena,Female,26,Surat,Gujarat,Small Business,2024-08-16
CUST02965,Priya Mishra,Female,29,Kochi,Kerala,Consumer,2024-01-25
CUST02967,Aditi Joshi,Male,18,Dehradun,Uttarakhand,Corporate,2022-11-15
CUST02968,Aditya Kapoor,Male,49,Dehradun,Uttarakhand,Small Business,2024-11-10
CUST02974,Rahul Srivastava,Female,18,Guwahati,Assam,Consumer,2023-07-04
CUST02978,Neha Mishra,Female,28,Bhubaneswar,Odisha,Consumer,2023-06-03
CUST02979,Pooja Patel,Female,43,Mumbai,Maharashtra,Corporate,2024-07-24
CUST02980,Arjun Agarwal,Male,18,Indore,Madhya Pradesh,Consumer,2024-07-31
CUST02981,Isha Chauhan,Female,18,Hyderabad,Telangana,Corporate,2022-12-17
CUST02984,Aditi Gupta,Male,41,Kolkata,West Bengal,Corporate,2025-01-10
CUST02987,Ananya Srivastava,Male,31,Kochi,Kerala,Consumer,2023-12-17
CUST02994,Meera Kumar,Female,32,Kolkata,West Bengal,Consumer,2024-11-20
CUST02995,Sneha Mishra,Male,27,Kochi,Kerala,Consumer,2023-07-26
CUST02996,Kunal Malhotra,Female,33,Bengaluru,Karnataka,Consumer,2024-04-10
CUST03002,Vivaan Kumar,Female,28,Chennai,Tamil Nadu,Consumer,2024-02-27
CUST03004,Aditi Sharma,Male,46,Guwahati,Assam,Small Business,2022-01-01
CUST03006,Kavya Srivastava,Female,41,Ahmedabad,Gujarat,Consumer,2023-05-06
CUST03008,Isha Mehta,Male,25,Surat,Gujarat,Small Business,2022-02-16
CUST03018,Rahul Joshi,Male,48,Ludhiana,Punjab,Consumer,2023-03-17
CUST03019,Kunal Kapoor,Other,26,Bengaluru,Karnataka,Corporate,2024-06-02
CUST03020,Rahul Saxena,Female,20,Kochi,Kerala,Consumer,2023-04-21
CUST03024,Aditya Srivastava,Male,49,Ludhiana,Punjab,Small Business,2023-02-10
CUST03035,Riya Saxena,Female,150,Jaipur,Rajasthan,Corporate,2024-05-09
CUST03038,Amit Verma,Male,55,Chandigarh,Chandigarh,Corporate,2023-04-05
CUST03039,Nikhil Agarwal,Female,31,Mumbai,Maharashtra,Corporate,2024-08-09
CUST03041,Vikram Joshi,Female,31,Ahmedabad,Gujarat,Consumer,2023-02-11
CUST03042,Nikhil Jain,Female,34,Mumbai,Maharashtra,Consumer,2023-01-30
CUST03045,Vikram Jain,Male,48,Ludhiana,Punjab,Consumer,2024-08-29
CUST03047,Nikhil Singh,Female,33,Kochi,Kerala,Corporate,2022-01-31
CUST03048,Arjun Agarwal,Female,28,Kochi,Kerala,Consumer,2023-12-20
CUST03055,Amit Chauhan,Male,18,Coimbatore,Tamil Nadu,Small Business,2022-08-28
CUST03058,Rahul Srivastava,Female,35,Chandigarh,Chandigarh,Small Business,2022-07-11
CUST03060,Meera Agarwal,Male,25,Mumbai,Maharashtra,Corporate,2025-01-23
CUST03063,Rahul Shah,Female,38,Ahmedabad,Gujarat,Consumer,2024-05-25
CUST03077,Aditya Mishra,Male,23,Jaipur,Rajasthan,Consumer,2024-04-10
CUST03080,Riya Gupta,Male,47,Surat,Gujarat,Corporate,2023-04-04
CUST03084,Priya Sharma,Male,28,Dehradun,Uttarakhand,Small Business,2022-12-17
CUST03089,Riya Agarwal,Female,31,Dehradun,Uttarakhand,Small Business,2022-04-30
CUST03091,Aditya Malhotra,Female,25,Pune,Maharashtra,Corporate,2023-11-26
CUST03092,Neha Mishra,Other,25,Ahmedabad,Gujarat,Small Business,2023-02-17
CUST03100,Vivaan Joshi,Male,30,Mumbai,Maharashtra,Small Business,2022-05-29
CUST03104,Pooja Verma,Male,45,Surat,Gujarat,Consumer,2022-10-15
CUST03105,Vivaan Chauhan,Male,35,Hyderabad,Telangana,Consumer,2024-05-15
CUST03119,Riya Chauhan,Male,35,Lucknow,Uttar Pradesh,Corporate,2023-07-11
CUST03121,Pooja Kapoor,Female,20,Bengaluru,Karnataka,Corporate,2024-07-31
CUST03125,Rahul Gupta,Male,38,Surat,Gujarat,Consumer,2024-06-13
CUST03126,Ananya Jain,Female,18,Bhubaneswar,Odisha,Consumer,2023-06-23
CUST03131,Meera Saxena,Female,24,Pune,Maharashtra,Consumer,2022-11-22
CUST03134,Ananya Verma,Female,43,Delhi,Delhi,Corporate,2022-06-01
CUST03136,Amit Kapoor,Male,32,Lucknow,Uttar Pradesh,Small Business,2025-02-25
CUST03139,Riya Agarwal,Male,36,Indore,Madhya Pradesh,Consumer,2023-07-31
CUST03143,Sneha Mehta,Female,31,Surat,Gujarat,Consumer,2023-06-13
CUST03146,Riya Gupta,Female,42,Nagpur,Maharashtra,Consumer,2022-07-20
CUST03147,Aditi Kapoor,Male,37,Chennai,Tamil Nadu,Small Business,2024-04-08
CUST03148,Sneha Singh,Female,32,Kolkata,West Bengal,Consumer,2023-04-11
CUST03151,Rohan Singh,Male,37,Hyderabad,Telangana,Consumer,2022-12-04
CUST03152,Sneha Mishra,Male,40,Ludhiana,Punjab,Consumer,2022-06-03
CUST03162,Aditya Sharma,Female,46,Bhubaneswar,Odisha,Consumer,2025-01-05
CUST03165,Riya Verma,Male,55,Jaipur,Rajasthan,Corporate,2022-01-05
CUST03171,Arjun Chauhan,Male,28,Bengaluru,Karnataka,Corporate,2023-02-26
CUST03175,Riya Gupta,Female,41,Guwahati,Assam,Consumer,2022-12-15
CUST03177,Neha Verma,Male,18,Bengaluru,Karnataka,Consumer,2022-10-01
CUST03183,Nikhil Shah,Female,42,Kochi,Kerala,Consumer,2024-10-09
CUST03185,Vikram Sharma,Male,33,Bengaluru,Karnataka,Corporate,2023-10-20
CUST03186,Riya Patel,Female,47,Patna,Bihar,Corporate,2022-06-25
CUST03190,Meera Yadav,Female,34,Kolkata,West Bengal,Consumer,2023-04-25
CUST03191,Rohan Gupta,Female,31,Lucknow,Uttar Pradesh,Corporate,2024-04-05
CUST03192,Meera Kapoor,Female,31,Chennai,Tamil Nadu,Consumer,2024-12-14
CUST03193,Aditya Singh,Male,35,Chennai,Tamil Nadu,Consumer,2023-11-29
CUST03197,Sneha Yadav,Other,52,Ludhiana,Punjab,Corporate,2023-06-20
CUST03198,Priya Yadav,Female,29,Coimbatore,Tamil Nadu,Corporate,2022-02-09
CUST03202,Aarav Chauhan,Male,36,Patna,Bihar,Small Business,2025-01-30
CUST03211,Pooja Kapoor,Male,42,Guwahati,Assam,Consumer,2025-04-03
CUST03213,Riya Kapoor,Male,46,Pune,Maharashtra,Consumer,2025-02-02
CUST03221,Rahul Mishra,Male,21,Hyderabad,Telangana,Corporate,2023-08-19
CUST03222,Meera Sharma,Male,49,Dehradun,Uttarakhand,Consumer,2022-05-21
CUST03227,Aditi Mehta,Male,39,Nagpur,Maharashtra,Small Business,2022-09-21
CUST03229,Isha Sharma,Male,22,Kochi,Kerala,Corporate,2022-11-16
CUST03231,Kavya Shah,Male,21,Kolkata,West Bengal,Small Business,2023-10-30
CUST03238,Amit Shah,Male,45,Guwahati,Assam,Consumer,2023-08-26
CUST03241,Riya Patel,Male,44,Ludhiana,Punjab,Consumer,2022-02-24
CUST03243,Nikhil Joshi,Female,38,Bhubaneswar,Odisha,Small Business,2022-11-16
CUST03245,Pooja Mishra,Female,48,Kochi,Kerala,Corporate,2025-03-25
CUST03246,Vikram Kapoor,Male,50,Coimbatore,Tamil Nadu,Small Business,2022-04-24
CUST03250,Vivaan Chauhan,Male,22,Ahmedabad,Gujarat,Corporate,2023-05-10
CUST03253,Aarav Mehta,Male,52,Chandigarh,Chandigarh,Consumer,2022-11-05
CUST03257,Sneha Patel,Female,18,Chandigarh,Chandigarh,Corporate,2024-03-01
CUST03266,Aditya Malhotra,Female,28,Chennai,Tamil Nadu,Small Business,2023-06-18
CUST03267,Rohan Kapoor,Male,35,Kochi,Kerala,Consumer,2022-06-01
CUST03269,Priya Verma,Female,47,Jaipur,Rajasthan,Consumer,2022-06-24
CUST03276,Ananya Kapoor,Male,48,Patna,Bihar,Consumer,2023-03-25
CUST03280,Priya Singh,Female,46,Kochi,Kerala,Small Business,2025-01-05
CUST03289,Aditi Srivastava,Male,42,Chandigarh,Chandigarh,Small Business,2024-10-14
CUST03291,Kavya Shah,Male,35,Ahmedabad,Gujarat,Corporate,2023-02-26
CUST03308,Vikram Joshi,Female,35,Jaipur,Rajasthan,Consumer,2024-01-17
CUST03309,Vikram Singh,Female,37,Lucknow,Uttar Pradesh,Consumer,2022-04-27
CUST03315,Vikram Patel,Female,44,Ahmedabad,Gujarat,Consumer,2024-06-20
CUST03316,Vivaan Saxena,Male,44,Kolkata,West Bengal,Corporate,2024-11-16
CUST03320,Riya Srivastava,Male,18,Lucknow,Uttar Pradesh,Corporate,2025-01-02
CUST03322,Aditi Mishra,Male,36,Chandigarh,Chandigarh,Consumer,2022-11-27
CUST03325,Aditya Mehta,Female,36,Surat,Gujarat,Corporate,2024-11-25
CUST03327,Amit Kapoor,Female,34,Chandigarh,Chandigarh,Consumer,2024-08-03
CUST03328,Pooja Verma,Female,23,Ludhiana,Punjab,Small Business,2022-05-31
CUST03330,Riya Kumar,Female,26,Patna,Bihar,Small Business,2022-09-29
CUST03333,Kunal Mehta,Female,36,Dehradun,Uttarakhand,Corporate,2022-02-10
CUST03335,Nikhil Shah,Male,20,Delhi,Delhi,Consumer,2023-09-06
CUST03336,Nikhil Mishra,Male,23,Dehradun,Uttarakhand,Corporate,2023-07-14
CUST03337,Kunal Patel,Male,31,Bhopal,Madhya Pradesh,Corporate,2023-04-17
CUST03342,Vikram Srivastava,Female,25,Mumbai,Maharashtra,Consumer,2024-04-19
CUST03345,Rohan Singh,Female,27,Bhopal,Madhya Pradesh,Corporate,2024-03-04
CUST03354,Arjun Chauhan,Female,29,Kochi,Kerala,Consumer,2024-08-03
CUST03359,Vikram Patel,Female,38,Ludhiana,Punjab,Consumer,2023-01-07
CUST03366,Amit Sharma,Male,21,Kochi,Kerala,Small Business,2022-01-11
CUST03369,Ananya Jain,Female,41,Surat,Gujarat,Consumer,2022-06-09
CUST03372,Pooja Saxena,Female,29,Dehradun,Uttarakhand,Consumer,2024-04-21
CUST03378,Isha Saxena,Male,31,Nagpur,Maharashtra,Consumer,2022-08-19
CUST03380,Sneha Mehta,Female,44,Ahmedabad,Gujarat,Consumer,2024-05-14
CUST03382,Isha Sharma,Male,18,Coimbatore,Tamil Nadu,Corporate,2022-12-26
CUST03384,Sneha Shah,Male,34,Patna,Bihar,Consumer,2023-07-06
CUST03392,Aditya Yadav,Female,57,Bhopal,Madhya Pradesh,Corporate,2022-02-08
CUST03402,Sneha Verma,Female,32,Patna,Bihar,Corporate,2024-08-03
CUST03403,Isha Jain,Male,31,Chandigarh,Chandigarh,Small Business,2022-08-25
CUST03411,Ananya Kapoor,Male,38,Delhi,Delhi,Consumer,2023-03-27
CUST03412,Amit Mehta,Female,21,Guwahati,Assam,Consumer,2022-06-19
CUST03414,Arjun Saxena,Female,33,Jaipur,Rajasthan,Corporate,2023-05-30
CUST03415,Arjun Sharma,Male,19,Bengaluru,Karnataka,Small Business,2024-01-13
CUST03421,Aditya Mehta,Female,48,Bhopal,Madhya Pradesh,Consumer,2022-11-25
CUST03422,Priya Gupta,Female,32,Coimbatore,Tamil Nadu,Consumer,2024-12-04
CUST03424,Kunal Mehta,Male,35,Ahmedabad,Gujarat,Corporate,2022-06-13
CUST03426,Kunal Verma,Male,32,Guwahati,Assam,Consumer,2024-05-06
CUST03427,Pooja Malhotra,Female,28,Indore,Madhya Pradesh,Consumer,2023-02-16
CUST03433,Aditi Chauhan,Female,27,Ludhiana,Punjab,Corporate,2022-12-12
CUST03462,Pooja Malhotra,Female,21,Patna,Bihar,Corporate,2022-11-01
CUST03472,Pooja Kumar,Female,36,Kochi,Kerala,Consumer,2025-02-03
CUST03479,Kavya Srivastava,Male,20,Surat,Gujarat,Consumer,2023-02-28
CUST03484,Kavya Patel,Female,30,Dehradun,Uttarakhand,Consumer,2024-03-01
CUST03488,Isha Saxena,Male,18,Guwahati,Assam,Consumer,2022-07-20
CUST03495,Priya Chauhan,Female,38,Patna,Bihar,Consumer,2022-06-02
CUST03496,Isha Shah,Male,33,Bhopal,Madhya Pradesh,Small Business,2023-10-10
CUST03499,Vikram Srivastava,Female,35,Jaipur,Rajasthan,Corporate,2022-11-23
CUST03509,Aditi Sharma,Male,51,Delhi,Delhi,Corporate,2023-09-18
CUST03516,Meera Shah,Female,39,Guwahati,Assam,Consumer,2023-02-17
CUST03527,Rohan Patel,Male,38,Jaipur,Rajasthan,Consumer,2023-02-20
CUST03529,Rohan Chauhan,Male,34,Ludhiana,Punjab,Consumer,2022-02-11
CUST03537,Nikhil Joshi,Female,49,Lucknow,Uttar Pradesh,Corporate,2022-10-15
CUST03539,Vivaan Mehta,Male,18,Bhopal,Madhya Pradesh,Consumer,2024-10-13
CUST03540,Vikram Malhotra,Female,45,Kolkata,West Bengal,Consumer,2022-07-18
CUST03541,Aarav Patel,Male,36,Kochi,Kerala,Consumer,2022-06-04
CUST03544,Riya Joshi,Male,24,Coimbatore,Tamil Nadu,Consumer,2023-12-26
CUST03547,Kavya Mehta,Female,43,Surat,Gujarat,Corporate,2023-09-14
CUST03548,Nikhil Singh,Female,26,Bhubaneswar,Odisha,Consumer,2022-07-22
CUST03552,Aarav Yadav,Male,34,Bhopal,Madhya Pradesh,Corporate,2022-03-18
CUST03554,Arjun Verma,Male,42,Hyderabad,Telangana,Consumer,2024-12-27
CUST03555,Sneha Malhotra,Female,41,Surat,Gujarat,Consumer,2024-08-04
CUST03563,Priya Joshi,Female,49,Surat,Gujarat,Consumer,2022-11-24
CUST03574,Amit Chauhan,Male,43,Pune,Maharashtra,Small Business,2023-10-16
CUST03581,Pooja Jain,Female,18,Bhubaneswar,Odisha,Consumer,2023-08-15
CUST03582,Kavya Malhotra,Male,45,Kochi,Kerala,Small Business,2022-01-03
CUST03590,Aditya Sharma,Male,63,Patna,Bihar,Small Business,2022-06-17
CUST03592,Vikram Jain,Female,24,Mumbai,Maharashtra,Consumer,2022-01-25
CUST03593,Pooja Agarwal,Male,33,Guwahati,Assam,Small Business,2022-02-11
CUST03603,Pooja Yadav,Male,23,Chandigarh,Chandigarh,Small Business,2023-11-10
CUST03606,Priya Kapoor,Male,33,Jaipur,Rajasthan,Consumer,2022-04-22
CUST03621,Neha Saxena,Male,28,Guwahati,Assam,Consumer,2024-03-07
CUST03623,Vikram Joshi,Male,44,Pune,Maharashtra,Consumer,2024-03-11
CUST03628,Sneha Mehta,Female,45,Dehradun,Uttarakhand,Small Business,2024-03-29
CUST03637,Aarav Malhotra,Female,36,Bhopal,Madhya Pradesh,Consumer,2023-03-11
CUST03638,Rohan Shah,Female,43,Indore,Madhya Pradesh,Consumer,2024-10-23
CUST03642,Nikhil Agarwal,Female,41,Patna,Bihar,Consumer,2022-04-26
CUST03645,Pooja Jain,Female,22,Guwahati,Assam,Small Business,2022-02-19
CUST03650,Kunal Malhotra,Male,26,Kochi,Kerala,Corporate,2023-03-01
CUST03651,Priya Shah,Male,18,Jaipur,Rajasthan,Consumer,2024-02-11
CUST03659,Aarav Jain,Male,37,Pune,Maharashtra,Consumer,2024-07-07
CUST03660,Pooja Kapoor,Male,29,Indore,Madhya Pradesh,Consumer,2024-01-01
CUST03661,Sneha Kumar,Male,46,Nagpur,Maharashtra,Corporate,2023-02-20
CUST03662,Nikhil Jain,Female,46,Indore,Madhya Pradesh,Corporate,2024-02-23
CUST03666,Meera Kumar,Female,50,Surat,Gujarat,Small Business,2023-02-05
CUST03667,Sneha Patel,Female,35,Nagpur,Maharashtra,Consumer,2022-06-25
CUST03675,Aarav Verma,Female,26,Chennai,Tamil Nadu,Corporate,2025-03-01
CUST03679,Ananya Mehta,Female,41,Bhopal,Madhya Pradesh,Consumer,2024-03-21
CUST03685,Priya Chauhan,Male,18,Guwahati,Assam,Consumer,2023-02-23
CUST03692,Arjun Chauhan,Female,36,Bengaluru,Karnataka,Corporate,2023-09-09
CUST03696,Vivaan Jain,Male,18,Chennai,Tamil Nadu,Corporate,2023-08-06
CUST03697,Rohan Sharma,Male,28,Mumbai,Maharashtra,Corporate,2023-11-29
CUST03700,Vivaan Jain,Female,18,Kochi,Kerala,Consumer,2023-01-26
CUST03704,Vivaan Mishra,Male,46,Bhubaneswar,Odisha,Consumer,2022-11-26
CUST03710,Sneha Mishra,Other,41,Kolkata,West Bengal,Corporate,2022-05-21
CUST03712,Vikram Singh,Female,34,Guwahati,Assam,Consumer,2022-04-16
CUST03714,Ananya Srivastava,Female,28,Ludhiana,Punjab,Small Business,2023-06-26
CUST03716,Vivaan Patel,Female,48,Mumbai,Maharashtra,Consumer,2023-12-23
CUST03720,Vikram Srivastava,Female,18,Dehradun,Uttarakhand,Consumer,2022-04-21
CUST03723,Aditi Jain,Male,36,Kochi,Kerala,Consumer,2023-03-14
CUST03724,Isha Joshi,Male,34,Guwahati,Assam,Consumer,2022-05-27
CUST03726,Vikram Patel,Female,38,Guwahati,Assam,Consumer,2024-03-03
CUST03730,Vikram Malhotra,Female,42,Chennai,Tamil Nadu,Small Business,2024-11-27
CUST03733,Kunal Chauhan,Female,40,Ahmedabad,Gujarat,Consumer,2024-02-29
CUST03734,Kavya Kapoor,Female,30,Patna,Bihar,Corporate,2022-11-29
CUST03736,Neha Shah,Male,35,Ludhiana,Punjab,Corporate,2024-09-20
CUST03740,Aarav Joshi,Female,45,Kolkata,West Bengal,Consumer,2024-08-07
CUST03746,Aarav Joshi,Female,37,Guwahati,Assam,Corporate,2025-01-20
CUST03749,Meera Mishra,Female,26,Patna,Bihar,Corporate,2024-05-14
CUST03750,Neha Joshi,Male,45,Bhubaneswar,Odisha,Consumer,2025-02-05
CUST03769,Vikram Sharma,Male,48,Coimbatore,Tamil Nadu,Consumer,2023-10-02
CUST03770,Neha Agarwal,Male,24,Pune,Maharashtra,Consumer,2024-12-24
CUST03771,Meera Joshi,Male,71,Surat,Gujarat,Consumer,2025-04-03
CUST03773,Meera Patel,Female,39,Bhopal,Madhya Pradesh,Consumer,2023-03-10
CUST03778,Sneha Mehta,Female,26,Kolkata,West Bengal,Corporate,2023-08-24
CUST03782,Pooja Mehta,Female,49,Dehradun,Uttarakhand,Consumer,2022-04-10
CUST03783,Neha Gupta,Female,18,Jaipur,Rajasthan,Consumer,2024-12-19
CUST03784,Riya Gupta,Male,44,Kochi,Kerala,Consumer,2022-04-18
CUST03795,Vivaan Malhotra,Male,45,Bhubaneswar,Odisha,Consumer,2024-03-10
CUST03796,Arjun Chauhan,Female,39,Mumbai,Maharashtra,Consumer,2022-08-14
CUST03800,Riya Srivastava,Female,43,Delhi,Delhi,Consumer,2023-09-15
CUST03801,Vikram Joshi,Female,22,Patna,Bihar,Small Business,2024-02-20
CUST03802,Rahul Joshi,Female,51,Nagpur,Maharashtra,Corporate,2023-04-18
CUST03806,Neha Joshi,Male,59,Kolkata,West Bengal,Small Business,2023-01-25
CUST03823,Meera Gupta,Male,39,Nagpur,Maharashtra,Consumer,2024-08-31
CUST03824,Isha Kapoor,Male,65,Chandigarh,Chandigarh,Consumer,2023-05-17
CUST03826,Nikhil Kapoor,Female,38,Bhubaneswar,Odisha,Small Business,2022-08-09
CUST03830,Neha Verma,Female,34,Chandigarh,Chandigarh,Consumer,2024-02-22
CUST03831,Kavya Agarwal,Male,150,Bhubaneswar,Odisha,Consumer,2023-01-06
CUST03832,Ananya Saxena,Female,31,Ludhiana,Punjab,Small Business,2023-04-24
CUST03840,Arjun Saxena,Male,26,Patna,Bihar,Consumer,2024-06-26
CUST03845,Aditi Malhotra,Male,22,Patna,Bihar,Consumer,2022-06-19
CUST03848,Meera Malhotra,Female,29,Pune,Maharashtra,Corporate,2024-07-07
CUST03851,Rahul Kapoor,Female,18,Kochi,Kerala,Small Business,2022-04-23
CUST03853,Nikhil Patel,Male,48,Jaipur,Rajasthan,Consumer,2023-06-28
CUST03855,Sneha Jain,Male,50,Indore,Madhya Pradesh,Small Business,2022-10-10
CUST03863,Meera Srivastava,Male,46,Dehradun,Uttarakhand,Corporate,2023-03-16
CUST03872,Aditya Malhotra,Male,61,Jaipur,Rajasthan,Corporate,2022-05-07
CUST03873,Rahul Singh,Male,25,Bhubaneswar,Odisha,Consumer,2024-11-14
CUST03878,Neha Gupta,Male,45,Dehradun,Uttarakhand,Small Business,2024-04-10
CUST03888,Sneha Kumar,Male,24,Chandigarh,Chandigarh,Small Business,2024-03-17
CUST03889,Aarav Patel,Male,26,Chandigarh,Chandigarh,Consumer,2023-12-10
CUST03892,Priya Srivastava,Male,28,Patna,Bihar,Small Business,2022-02-26
CUST03894,Rahul Mehta,Female,32,Ludhiana,Punjab,Corporate,2024-12-15
CUST03895,Nikhil Agarwal,Female,24,Bengaluru,Karnataka,Corporate,2023-08-28
CUST03897,Aditya Srivastava,Female,23,Bhopal,Madhya Pradesh,Consumer,2024-03-09
CUST03900,Nikhil Srivastava,Male,46,Patna,Bihar,Corporate,2023-09-09
CUST03903,Arjun Joshi,Female,49,Bhopal,Madhya Pradesh,Consumer,2023-03-18
CUST03904,Meera Gupta,Female,27,Lucknow,Uttar Pradesh,Consumer,2022-07-24
CUST03908,Meera Agarwal,Male,33,Guwahati,Assam,Corporate,2023-08-25
CUST03911,Kavya Singh,Female,38,Dehradun,Uttarakhand,Consumer,2024-07-24
CUST03915,Amit Saxena,Male,44,Coimbatore,Tamil Nadu,Consumer,2023-07-17
CUST03916,Nikhil Gupta,Female,41,Delhi,Delhi,Consumer,2025-01-27
CUST03918,Vivaan Kapoor,Female,34,Kolkata,West Bengal,Consumer,2024-03-04
CUST03920,Kunal Yadav,Female,29,Bengaluru,Karnataka,Consumer,2022-07-16
CUST03922,Neha Yadav,Male,20,Bengaluru,Karnataka,Consumer,2022-07-30
CUST03924,Nikhil Joshi,Female,31,Surat,Gujarat,Consumer,2024-02-13
CUST03940,Meera Gupta,Female,18,Bhopal,Madhya Pradesh,Consumer,2023-02-07
CUST03944,Riya Mishra,Male,34,Guwahati,Assam,Consumer,2024-03-01
CUST03948,Aditya Verma,Male,36,Ahmedabad,Gujarat,Small Business,2024-06-04
CUST03950,Nikhil Malhotra,Female,38,Chandigarh,Chandigarh,Consumer,2022-04-20
CUST03953,Isha Kapoor,Male,42,Kochi,Kerala,Consumer,2023-09-26
CUST03954,Sneha Shah,Female,41,Indore,Madhya Pradesh,Corporate,2022-10-02
CUST03957,Rohan Kapoor,Female,34,Bhopal,Madhya Pradesh,Consumer,2024-10-07
CUST03960,Sneha Patel,Male,44,Ludhiana,Punjab,Corporate,2023-08-20
CUST03965,Kunal Kumar,Female,25,Ludhiana,Punjab,Consumer,2024-08-13
CUST03969,Ananya Sharma,Male,38,Nagpur,Maharashtra,Corporate,2022-02-27
CUST03975,Vikram Saxena,Female,18,Jaipur,Rajasthan,Small Business,2024-09-17
CUST03978,Neha Patel,Female,33,Guwahati,Assam,Consumer,2024-05-15
CUST03982,Neha Joshi,Female,24,Delhi,Delhi,Consumer,2024-01-17
CUST03983,Rahul Kumar,Male,46,Chennai,Tamil Nadu,Consumer,2024-12-30
CUST03998,Pooja Mishra,Female,37,Kolkata,West Bengal,Corporate,2025-04-09
CUST04006,Arjun Verma,Female,21,Patna,Bihar,Small Business,2023-02-22
CUST04015,Nikhil Gupta,Male,46,Mumbai,Maharashtra,Consumer,2022-08-17
CUST04018,Amit Verma,Female,39,Chandigarh,Chandigarh,Consumer,2022-05-22
CUST04019,Riya Sharma,Male,56,Ludhiana,Punjab,Small Business,2023-01-06
CUST04022,Vikram Patel,Male,32,Delhi,Delhi,Consumer,2025-01-25
CUST04028,Arjun Shah,Female,47,Surat,Gujarat,Small Business,2022-02-15
CUST04030,Ananya Srivastava,Female,31,Surat,Gujarat,Corporate,2024-03-29
CUST04031,Pooja Shah,Male,30,Bhopal,Madhya Pradesh,Corporate,2022-10-25
CUST04033,Neha Srivastava,Female,36,Dehradun,Uttarakhand,Consumer,2022-06-21
CUST04037,Nikhil Chauhan,Male,37,Hyderabad,Telangana,Corporate,2023-02-02
CUST04041,Riya Patel,Female,39,Pune,Maharashtra,Corporate,2023-12-28
CUST04042,Meera Verma,Female,33,Chennai,Tamil Nadu,Consumer,2022-06-05
CUST04045,Vivaan Chauhan,Male,48,Surat,Gujarat,Consumer,2024-05-23
CUST04047,Ananya Verma,Female,36,Surat,Gujarat,Consumer,2023-02-04
CUST04048,Isha Gupta,Female,39,Dehradun,Uttarakhand,Small Business,2024-03-18
CUST04051,Amit Singh,Male,30,Pune,Maharashtra,Consumer,2023-01-30
CUST04069,Kavya Mehta,Female,58,Kochi,Kerala,Small Business,2022-10-24
CUST04071,Meera Patel,Male,28,Jaipur,Rajasthan,Corporate,2022-02-01
CUST04074,Kunal Verma,Female,40,Patna,Bihar,Consumer,2023-10-27
CUST04076,Pooja Mishra,Female,41,Lucknow,Uttar Pradesh,Consumer,2022-12-03
CUST04082,Nikhil Yadav,Female,34,Mumbai,Maharashtra,Corporate,2024-07-12
CUST04083,Vikram Sharma,Male,18,Kochi,Kerala,Consumer,2024-10-11
CUST04086,Riya Sharma,Male,28,Bengaluru,Karnataka,Consumer,2025-03-28
CUST04088,Aditi Gupta,Male,29,Patna,Bihar,Corporate,2024-07-14
CUST04097,Vivaan Jain,Female,35,Bhopal,Madhya Pradesh,Consumer,2022-08-14
CUST04098,Vivaan Jain,Female,50,Chandigarh,Chandigarh,Consumer,2022-10-10
CUST04099,Rohan Mehta,Female,44,Coimbatore,Tamil Nadu,Consumer,2023-12-11
CUST04103,Riya Chauhan,Male,18,Ludhiana,Punjab,Consumer,2024-12-22
CUST04106,Kavya Jain,Male,30,Surat,Gujarat,Corporate,2023-06-24
CUST04107,Riya Sharma,Male,20,Jaipur,Rajasthan,Consumer,2024-07-13
CUST04108,Ananya Mishra,Female,35,Kolkata,West Bengal,Consumer,2024-02-18
CUST04110,Kavya Mishra,Male,55,Pune,Maharashtra,Corporate,2023-01-01
CUST04112,Kavya Mehta,Female,29,Indore,Madhya Pradesh,Consumer,2023-03-17
CUST04113,Meera Yadav,Female,18,Chandigarh,Chandigarh,Consumer,2024-04-07
CUST04116,Rahul Chauhan,Male,20,Indore,Madhya Pradesh,Consumer,2024-12-17
CUST04126,Rohan Mishra,Female,40,Bhopal,Madhya Pradesh,Consumer,2023-08-10
CUST04130,Ananya Joshi,Male,47,Surat,Gujarat,Small Business,2022-09-26
CUST04140,Arjun Singh,Male,36,Bhopal,Madhya Pradesh,Corporate,2024-11-01
CUST04141,Sneha Mehta,Female,31,Hyderabad,Telangana,Consumer,2023-08-03
CUST04144,Isha Saxena,Female,33,Surat,Gujarat,Consumer,2025-01-09
CUST04146,Kunal Chauhan,Male,26,Mumbai,Maharashtra,Corporate,2023-03-18
CUST04149,Isha Srivastava,Male,35,Kolkata,West Bengal,Small Business,2022-04-23
CUST04155,Rohan Malhotra,Male,35,Ludhiana,Punjab,Small Business,2022-08-02
CUST04156,Kavya Chauhan,Female,20,Ludhiana,Punjab,Consumer,2022-02-09
CUST04157,Aditi Kumar,Female,52,Hyderabad,Telangana,Consumer,2024-12-29
CUST04164,Amit Patel,Female,44,Ludhiana,Punjab,Small Business,2022-05-11
CUST04166,Rohan Singh,Male,35,Chennai,Tamil Nadu,Small Business,2023-06-26
CUST04170,Aditya Sharma,Male,27,Chennai,,Consumer,2022-04-14
CUST04173,Aditi Saxena,Female,28,Bhopal,Madhya Pradesh,Corporate,2022-07-04
CUST04175,Nikhil Saxena,Female,32,Ahmedabad,Gujarat,Small Business,2025-01-09
CUST04180,Aarav Shah,Female,43,Indore,Madhya Pradesh,Corporate,2023-07-08
CUST04181,Rahul Shah,Male,43,Chennai,Tamil Nadu,Consumer,2022-12-19
CUST04184,Neha Shah,Female,38,Kolkata,West Bengal,Consumer,2023-05-10
CUST04185,Priya Gupta,Female,25,Delhi,Delhi,Consumer,2023-01-02
CUST04186,Aditya Agarwal,Male,35,Nagpur,Maharashtra,Consumer,2024-09-18
CUST04189,Nikhil Srivastava,Female,22,Lucknow,Uttar Pradesh,Consumer,2022-01-14
CUST04199,Amit Chauhan,Female,47,Patna,Bihar,Consumer,2023-03-28
CUST04204,Rohan Singh,Female,40,Jaipur,Rajasthan,Consumer,2023-02-12
CUST04210,Pooja Mehta,Female,43,Bengaluru,Karnataka,Small Business,2023-11-16
CUST04216,Rohan Verma,Female,18,Guwahati,Assam,Corporate,2023-01-24
CUST04218,Rahul Sharma,Female,33,Pune,Maharashtra,Small Business,2024-01-17
CUST04229,Vikram Verma,Male,46,Pune,Maharashtra,Small Business,2022-08-02
CUST04230,Priya Mishra,Male,32,Lucknow,Uttar Pradesh,Consumer,2023-10-02
CUST04231,Kunal Verma,Female,40,Delhi,Delhi,Consumer,2024-02-20
CUST04235,Vivaan Verma,Female,18,Dehradun,Uttarakhand,Corporate,2024-09-23
CUST04237,Kunal Singh,Male,32,Patna,Bihar,Small Business,2024-08-16
CUST04240,Rahul Chauhan,Male,29,Dehradun,Uttarakhand,Small Business,2022-03-25
CUST04242,Neha Verma,Male,36,Mumbai,Maharashtra,Small Business,2025-04-07
CUST04251,Pooja Malhotra,Female,28,Surat,Gujarat,Consumer,2023-02-24
CUST04252,Kunal Srivastava,Male,19,Ahmedabad,Gujarat,Small Business,2023-11-17
CUST04253,Nikhil Jain,Male,25,Guwahati,Assam,Consumer,2023-11-19
CUST04262,Kavya Malhotra,Male,26,Ludhiana,Punjab,Corporate,2022-07-23
CUST04263,Pooja Srivastava,Female,31,Mumbai,Maharashtra,Corporate,2022-11-11
CUST04264,Pooja Agarwal,Female,47,Kochi,Kerala,Consumer,2024-09-26
CUST04267,Rohan Malhotra,Male,41,Pune,Maharashtra,Corporate,2024-05-16
CUST04268,Aditya Malhotra,Female,27,Patna,Bihar,Corporate,2023-08-14
CUST04270,Aditi Patel,Male,41,Bhopal,Madhya Pradesh,Consumer,2024-11-17
CUST04274,Vivaan Singh,Female,33,Mumbai,Maharashtra,Consumer,2024-01-15
CUST04276,Neha Yadav,Male,43,Coimbatore,Tamil Nadu,Consumer,2023-03-04
CUST04277,Kunal Jain,Male,60,Delhi,Delhi,Consumer,2023-02-01
CUST04278,Aarav Shah,Female,42,Kochi,Kerala,Corporate,2023-03-14
CUST04282,Aditya Chauhan,Female,19,Bhubaneswar,Odisha,Consumer,2023-12-18
CUST04291,Aditi Agarwal,Male,18,Delhi,Delhi,Consumer,2023-07-11
CUST04294,Amit Saxena,Female,43,Jaipur,Rajasthan,Consumer,2022-05-03
CUST04296,Kavya Gupta,Female,28,Guwahati,Assam,Consumer,2023-05-24
CUST04300,Priya Yadav,Male,41,Jaipur,Rajasthan,Corporate,2025-04-01
CUST04302,Sneha Agarwal,Other,50,Chennai,Tamil Nadu,Corporate,2023-09-14
CUST04308,Rohan Kumar,Male,27,Coimbatore,Tamil Nadu,Consumer,2023-08-10
CUST04315,Ananya Malhotra,Male,55,Kochi,Kerala,Small Business,2025-03-25
CUST04318,Isha Saxena,Male,51,Surat,Gujarat,Consumer,2023-09-09
CUST04324,Sneha Patel,Male,53,Dehradun,Uttarakhand,Consumer,2022-09-04
CUST04330,Rohan Mehta,Male,27,Bhubaneswar,Odisha,Small Business,2024-05-07
CUST04336,Aarav Kapoor,Male,24,Surat,Gujarat,Corporate,2024-10-03
CUST04342,Priya Sharma,Male,43,Surat,Gujarat,Consumer,2024-03-14
CUST04346,Kavya Sharma,Female,35,Bhopal,Madhya Pradesh,Small Business,2022-05-08
CUST04350,Aditi Kapoor,Male,44,Pune,Maharashtra,Small Business,2023-10-25
CUST04353,Isha Yadav,Female,32,Nagpur,Maharashtra,Corporate,2022-12-17
CUST04358,Pooja Saxena,Male,37,Dehradun,Uttarakhand,Small Business,2022-01-17
CUST04361,Aditi Singh,Male,58,Lucknow,Uttar Pradesh,Consumer,2023-02-04
CUST04364,Sneha Sharma,Male,33,Guwahati,Assam,Corporate,2023-05-05
CUST04372,Rahul Jain,Male,18,Chandigarh,Chandigarh,Consumer,2023-07-02
CUST04375,Rohan Sharma,Female,53,Mumbai,Maharashtra,Small Business,2023-03-25
CUST04378,Kavya Kapoor,Male,50,Dehradun,Uttarakhand,Corporate,2023-04-24
CUST04381,Aditi Kapoor,Female,18,Patna,Bihar,Corporate,2024-01-08
CUST04382,Aditi Saxena,Female,39,Jaipur,Rajasthan,Small Business,2023-10-19
CUST04383,Kunal Singh,Female,55,Pune,Maharashtra,Corporate,2024-10-19
CUST04386,Neha Chauhan,Male,35,Hyderabad,Telangana,Consumer,2023-05-23
CUST04394,Vikram Sharma,Male,43,Delhi,Delhi,Consumer,2024-10-13
CUST04404,Isha Mishra,Female,41,Patna,Bihar,Small Business,2024-01-05
CUST04406,Kunal Malhotra,Female,53,Bhubaneswar,Odisha,Small Business,2024-09-21
CUST04412,Aditya Malhotra,Male,36,Nagpur,Maharashtra,Consumer,2023-04-14
CUST04423,Pooja Kapoor,Female,28,Kochi,Kerala,Consumer,2022-11-30
CUST04429,Vikram Patel,Female,35,Kochi,Kerala,Consumer,2022-02-15
CUST04433,Ananya Sharma,Male,41,Bhubaneswar,Odisha,Consumer,2024-10-12
CUST04434,Aarav Shah,Female,28,Jaipur,Rajasthan,Consumer,2023-06-26
CUST04442,Pooja Singh,Male,23,Pune,Maharashtra,Small Business,2024-02-25
CUST04445,Sneha Joshi,Male,35,Kochi,Kerala,Small Business,2023-02-08
CUST04449,Kunal Kapoor,Female,36,Nagpur,Maharashtra,Consumer,2022-09-23
CUST04454,Rahul Shah,Female,27,Hyderabad,Telangana,Consumer,2022-05-03
CUST04455,Kavya Kapoor,Female,31,Bengaluru,Karnataka,Consumer,2022-12-14
CUST04456,Riya Verma,Female,46,Delhi,Delhi,Consumer,2023-08-07
CUST04458,Vivaan Srivastava,Female,49,Lucknow,Uttar Pradesh,Consumer,2024-10-28
CUST04459,Aditi Mishra,Female,51,Jaipur,Rajasthan,Consumer,2022-07-25
CUST04460,Rahul Sharma,Female,20,Chennai,Tamil Nadu,Small Business,2023-09-28
CUST04462,Aarav Jain,Female,29,Pune,Maharashtra,Small Business,2024-07-02
CUST04469,Aarav Mehta,Other,62,Bhubaneswar,Odisha,Consumer,2024-11-25
CUST04470,Priya Yadav,Male,18,Kochi,Kerala,Corporate,2024-12-01
CUST04471,Vivaan Joshi,Male,48,Ahmedabad,Gujarat,Consumer,2025-01-29
CUST04482,Rohan Saxena,Female,18,Mumbai,Maharashtra,Consumer,2022-08-09
CUST04486,Meera Shah,Male,18,Ahmedabad,Gujarat,Consumer,2022-06-01
CUST04487,Kavya Agarwal,Female,35,Bhopal,Madhya Pradesh,Small Business,2024-04-30
CUST04489,Ananya Singh,Female,46,Chennai,Tamil Nadu,Corporate,2024-10-03
CUST04493,Sneha Patel,Female,44,Hyderabad,Telangana,Small Business,2024-05-28
CUST04494,Pooja Malhotra,Female,45,Dehradun,Uttarakhand,Consumer,2022-10-26
CUST04497,Amit Saxena,Female,38,Pune,Maharashtra,Consumer,2024-04-14
CUST04504,Aditya Saxena,Female,42,Kochi,Kerala,Small Business,2025-02-28
CUST04508,Ananya Verma,Female,33,Nagpur,Maharashtra,Consumer,2024-11-19
CUST04509,Rohan Yadav,Female,31,Dehradun,Uttarakhand,Corporate,2024-08-23
CUST04514,Nikhil Saxena,Male,37,Patna,Bihar,Small Business,2022-02-08
CUST04517,Vikram Sharma,Female,18,Pune,Maharashtra,Small Business,2022-01-25
CUST04519,Riya Mehta,Male,53,Hyderabad,Telangana,Corporate,2024-11-21
CUST04520,Aditya Yadav,Female,22,Surat,Gujarat,Consumer,2024-12-12
CUST04521,Priya Srivastava,Male,19,Guwahati,Assam,Consumer,2024-10-01
CUST04524,Isha Singh,Female,54,Guwahati,Assam,Corporate,2024-10-11
CUST04525,Nikhil Mehta,Female,40,Coimbatore,Tamil Nadu,Consumer,2022-01-19
CUST04528,Rahul Srivastava,Female,55,Jaipur,Rajasthan,Corporate,2022-03-04
CUST04529,Aditya Malhotra,Female,32,Surat,Gujarat,Small Business,2024-07-25
CUST04530,Arjun Jain,Male,37,Nagpur,Maharashtra,Consumer,2024-05-27
CUST04531,Aditi Sharma,Female,38,Lucknow,Uttar Pradesh,Consumer,2022-04-13
CUST04536,Neha Sharma,Male,20,Bhopal,Madhya Pradesh,Consumer,2023-09-30
CUST04537,Kunal Srivastava,Male,24,Delhi,Delhi,Consumer,2025-03-20
CUST04540,Amit Shah,Male,39,Bhubaneswar,Odisha,Consumer,2022-05-07
CUST04545,Meera Jain,Male,35,Surat,Gujarat,Corporate,2023-03-05
CUST04550,Rahul Chauhan,Female,56,Bhubaneswar,Odisha,Consumer,2023-07-17
CUST04554,Ananya Srivastava,Male,44,Nagpur,Maharashtra,Consumer,2024-01-11
CUST04558,Vivaan Sharma,Female,30,Kolkata,West Bengal,Corporate,2023-11-27
CUST04567,Vikram Mehta,Male,44,Hyderabad,Telangana,Small Business,2023-01-31
CUST04574,Rahul Malhotra,Female,37,Bhubaneswar,Odisha,Small Business,2024-07-07
CUST04575,Priya Agarwal,Male,22,Hyderabad,Telangana,Small Business,2024-10-08
CUST04577,Ananya Jain,Other,36,Delhi,Delhi,Corporate,2024-09-11
CUST04581,Aditi Shah,Male,42,Ludhiana,Punjab,Consumer,2023-09-08
CUST04591,Meera Saxena,Female,33,Hyderabad,Telangana,Consumer,2022-12-21
CUST04593,Aarav Jain,Female,26,Delhi,Delhi,Corporate,2024-11-09
CUST04599,Aarav Srivastava,Male,29,Guwahati,Assam,Consumer,2024-11-02
CUST04602,Meera Kumar,Male,42,Patna,Bihar,Small Business,2023-08-24
CUST04603,Arjun Shah,Male,37,Mumbai,Maharashtra,Corporate,2023-01-11
CUST04611,Aarav Agarwal,Male,31,Jaipur,Rajasthan,Consumer,2023-06-12
CUST04612,Rohan Joshi,Female,47,Pune,Maharashtra,Small Business,2023-12-05
CUST04617,Vikram Mehta,Female,30,Mumbai,Maharashtra,Consumer,2024-02-17
CUST04627,Amit Chauhan,Female,34,Lucknow,Uttar Pradesh,Corporate,2022-12-21
CUST04631,Rahul Sharma,Female,49,Chandigarh,Chandigarh,Consumer,2025-03-29
CUST04640,Pooja Verma,Female,47,Patna,Bihar,Consumer,2024-11-22
CUST04649,Vivaan Sharma,Male,19,Mumbai,Maharashtra,Small Business,2022-03-26
CUST04650,Rohan Mehta,Male,18,Dehradun,Uttarakhand,Corporate,2024-01-05
CUST04655,Sneha Shah,Male,27,Jaipur,Rajasthan,Small Business,2022-07-22
CUST04659,Rahul Agarwal,Female,35,Surat,Gujarat,Small Business,2022-05-20
CUST04660,Vikram Jain,Female,39,Indore,Madhya Pradesh,Corporate,2022-04-20
CUST04661,Pooja Chauhan,Female,42,Kolkata,West Bengal,Corporate,2024-11-16
CUST04662,Sneha Kapoor,Female,45,Nagpur,Maharashtra,Consumer,2024-11-06
CUST04663,Pooja Kumar,Female,37,Chandigarh,Chandigarh,Consumer,2023-03-12
CUST04665,Rohan Srivastava,Female,40,Mumbai,Maharashtra,Consumer,2023-03-29
CUST04666,Rahul Verma,Male,42,Kolkata,West Bengal,Small Business,2023-11-30
CUST04668,Amit Gupta,Female,32,Chandigarh,Chandigarh,Small Business,2025-02-02
CUST04669,Pooja Singh,Male,62,Kochi,Kerala,Consumer,2023-04-30
CUST04671,Kunal Sharma,Male,40,Jaipur,Rajasthan,Consumer,2022-12-28
CUST04673,Kavya Verma,Female,31,Ludhiana,Punjab,Corporate,2022-12-13
CUST04683,Nikhil Verma,Female,36,Hyderabad,Telangana,Small Business,2022-04-09
CUST04685,Rahul Mishra,Female,18,Bhopal,Madhya Pradesh,Corporate,2023-02-23
CUST04686,Priya Sharma,Male,40,Kochi,Kerala,Corporate,2022-06-13
CUST04687,Aditya Chauhan,Male,27,Patna,Bihar,Consumer,2024-04-24
CUST04689,Pooja Patel,Female,30,Lucknow,Uttar Pradesh,Small Business,2022-06-16
CUST04698,Isha Mishra,Male,69,Delhi,Delhi,Corporate,2022-11-22
CUST04702,Vivaan Gupta,Male,38,Delhi,Delhi,Consumer,2022-07-08
CUST04707,Rohan Yadav,Male,27,Indore,Madhya Pradesh,Small Business,2024-03-28
CUST04710,Vikram Singh,Female,41,Surat,Gujarat,Consumer,2023-03-15
CUST04712,Kunal Malhotra,Other,45,Coimbatore,Tamil Nadu,Corporate,2023-01-18
CUST04713,Priya Kapoor,Male,18,Bhubaneswar,Odisha,Corporate,2023-09-01
CUST04730,Kavya Srivastava,Female,46,Chennai,Tamil Nadu,Corporate,2023-01-05
CUST04735,Sneha Kumar,Male,34,Kolkata,West Bengal,Corporate,2023-11-16
CUST04739,Meera Verma,Female,37,Pune,Maharashtra,Corporate,2022-10-03
CUST04745,Priya Mehta,Male,41,Hyderabad,Telangana,Consumer,2024-07-22
CUST04749,Rohan Patel,Male,40,Bhubaneswar,Odisha,Consumer,2023-05-29
CUST04752,Meera Agarwal,Female,33,Chandigarh,Chandigarh,Corporate,2023-11-14
CUST04755,Kavya Verma,Female,25,Ludhiana,Punjab,Corporate,2023-01-01
CUST04756,Pooja Srivastava,Female,30,Bengaluru,Karnataka,Consumer,2022-03-01
CUST04758,Nikhil Kumar,Male,41,Jaipur,Rajasthan,Consumer,2023-01-14
CUST04760,Isha Yadav,Female,25,Hyderabad,Telangana,Small Business,2025-03-05
CUST04773,Kunal Srivastava,Male,38,Chandigarh,Chandigarh,Small Business,2025-02-23
CUST04778,Rahul Srivastava,Male,27,Kochi,Kerala,Corporate,2024-01-02
CUST04779,Kavya Kapoor,Female,20,Jaipur,Rajasthan,Corporate,2024-10-22
CUST04783,Meera Verma,Male,46,Pune,Maharashtra,Consumer,2023-04-02
CUST04784,Kavya Mishra,Female,39,Kochi,Kerala,Small Business,2022-04-19
CUST04790,Aarav Verma,Female,35,Bengaluru,Karnataka,Consumer,2024-12-21
CUST04791,Vivaan Srivastava,Female,18,Ludhiana,Punjab,Consumer,2024-06-03
CUST04799,Aditya Chauhan,Female,42,Ahmedabad,Gujarat,Corporate,2023-01-26
CUST04802,Kunal Mehta,Female,36,Bengaluru,Karnataka,Corporate,2024-04-18
CUST04809,Ananya Patel,Male,40,Ahmedabad,Gujarat,Consumer,2023-01-05
CUST04811,Neha Saxena,Male,37,Ludhiana,Punjab,Consumer,2022-12-31
CUST04816,Aarav Srivastava,Male,32,Mumbai,Maharashtra,Consumer,2023-01-01
CUST04817,Vikram Singh,Male,40,Bhubaneswar,Odisha,Small Business,2025-03-08
CUST04820,Nikhil Sharma,Male,36,Patna,Bihar,Corporate,2022-04-17
CUST04822,Isha Jain,Female,35,Hyderabad,Telangana,Small Business,2024-07-03
CUST04824,Arjun Mishra,Female,35,Guwahati,Assam,Consumer,2022-04-28
CUST04826,Riya Mehta,Female,49,Surat,Gujarat,Consumer,2022-12-18
CUST04831,Meera Gupta,Male,29,Pune,Maharashtra,Consumer,2023-08-30
CUST04832,Vivaan Yadav,Male,43,Jaipur,Rajasthan,Consumer,2024-03-21
CUST04843,Aarav Gupta,Male,27,Jaipur,Rajasthan,Small Business,2023-02-08
CUST04844,Meera Sharma,Female,40,Ludhiana,Punjab,Consumer,2024-10-15
CUST04845,Nikhil Srivastava,Female,25,Kochi,Kerala,Consumer,2023-01-15
CUST04848,Ananya Verma,Male,43,Jaipur,Rajasthan,Corporate,2022-06-28
CUST04850,Kunal Srivastava,Male,53,Bhubaneswar,Odisha,Consumer,2024-11-21
CUST04851,Pooja Yadav,Female,30,Patna,Bihar,Consumer,2023-10-18
CUST04856,Amit Kumar,Male,37,Hyderabad,Telangana,Consumer,2022-11-01
CUST04860,Neha Chauhan,Female,40,Kochi,Kerala,Consumer,2024-02-18
CUST04862,Arjun Saxena,Male,26,Kolkata,West Bengal,Corporate,2023-09-04
CUST04863,Meera Shah,Female,22,Bhubaneswar,Odisha,Corporate,2024-12-13
CUST04864,Vikram Chauhan,Female,35,Hyderabad,Telangana,Consumer,2023-10-29
CUST04865,Kunal Sharma,Female,34,Bhubaneswar,Odisha,Consumer,2024-01-08
CUST04866,Kavya Jain,Female,48,Nagpur,Maharashtra,Consumer,2022-09-30
CUST04870,Arjun Shah,Female,18,Hyderabad,Telangana,Corporate,2024-08-18
CUST04871,Aditi Mishra,Male,35,Ludhiana,Punjab,Small Business,2024-03-15
CUST04874,Isha Gupta,Female,41,Nagpur,Maharashtra,Corporate,2024-07-22
CUST04882,Priya Joshi,Female,48,Guwahati,Assam,Consumer,2024-04-09
CUST04884,Sneha Gupta,Male,48,Chandigarh,Chandigarh,Consumer,2022-02-01
CUST04887,Vivaan Joshi,Male,46,Hyderabad,Telangana,Consumer,2022-05-06
CUST04890,Kunal Chauhan,Female,25,Indore,Madhya Pradesh,Consumer,2023-03-14
CUST04899,Priya Kumar,Male,62,Kochi,Kerala,Consumer,2022-03-31
CUST04900,Priya Verma,Male,34,Nagpur,Maharashtra,Corporate,2025-01-13
CUST04913,Vikram Kapoor,Female,65,Lucknow,Uttar Pradesh,Small Business,2022-03-25
CUST04915,Priya Verma,Male,33,Coimbatore,Tamil Nadu,Consumer,2022-02-23
CUST04917,Amit Malhotra,Female,44,Jaipur,Rajasthan,Consumer,2023-09-03
CUST04918,Neha Shah,Female,48,Mumbai,Maharashtra,Corporate,2024-10-01
CUST04920,Meera Chauhan,Male,41,Bhopal,Madhya Pradesh,Small Business,2024-06-18
CUST04921,Riya Shah,Male,32,Guwahati,Assam,Consumer,2025-03-02
CUST04923,Aditi Jain,Female,36,Nagpur,Maharashtra,Small Business,2023-09-24
CUST04925,Rahul Chauhan,Female,45,Pune,Maharashtra,Consumer,2022-04-03
CUST04926,Meera Patel,Female,32,Delhi,Delhi,Corporate,2023-12-12
CUST04927,Aditya Yadav,Female,30,Ahmedabad,Gujarat,Corporate,2022-02-21
CUST04929,Aarav Mishra,Male,150,Ludhiana,Punjab,Corporate,2022-09-23
CUST04933,Nikhil Mehta,Female,33,Bhubaneswar,Odisha,Corporate,2024-01-02
CUST04934,Pooja Sharma,Male,23,Kolkata,West Bengal,Small Business,2024-11-10
CUST04939,Kavya Srivastava,Female,52,Mumbai,Maharashtra,Consumer,2023-10-27
CUST04941,Arjun Kumar,Male,34,Hyderabad,Telangana,Consumer,2025-03-19
CUST04943,Riya Srivastava,Female,29,Kolkata,West Bengal,Consumer,2024-07-14
CUST04944,Arjun Shah,Male,150,Bhubaneswar,Odisha,Consumer,2024-09-26
CUST04945,Aditi Mehta,Female,36,Lucknow,Uttar Pradesh,Corporate,2022-06-25
CUST04946,Neha Malhotra,Female,18,Hyderabad,Telangana,Consumer,2024-01-29
CUST04947,Kunal Malhotra,Female,48,Ahmedabad,Gujarat,Consumer,2024-03-26
CUST04949,Riya Gupta,Female,42,Dehradun,Uttarakhand,Consumer,2022-08-27
CUST04957,Ananya Srivastava,Male,48,Chandigarh,Chandigarh,Consumer,2022-08-09
CUST04960,Vikram Sharma,Female,45,Patna,Bihar,Consumer,2024-04-21
CUST04964,Nikhil Sharma,Female,41,Dehradun,Uttarakhand,Corporate,2022-02-08
CUST04984,Aditi Jain,Male,24,Ahmedabad,Gujarat,Consumer,2023-08-20
CUST04988,Vikram Mehta,Male,43,Patna,Bihar,Consumer,2024-06-04
CUST04993,Aditi Joshi,Male,38,Guwahati,Assam,Consumer,2025-01-24
CUST04997,Vikram Saxena,Male,42,Kochi,Kerala,Corporate,2024-08-11
CUST05003,Neha Mehta,Female,25,Bengaluru,Karnataka,Corporate,2022-06-05
CUST05004,Kunal Verma,Male,37,Hyderabad,Telangana,Small Business,2023-04-07
CUST05007,Sneha Kapoor,Female,37,Indore,Madhya Pradesh,Consumer,2024-04-05
CUST05010,Amit Shah,Female,18,Mumbai,Maharashtra,Consumer,2024-03-05
CUST05014,Aditya Sharma,Male,38,Patna,Bihar,Corporate,2025-02-21
CUST05015,Aditi Srivastava,Male,33,Chennai,Tamil Nadu,Consumer,2024-11-07
CUST05019,Riya Shah,Male,46,Coimbatore,Tamil Nadu,Consumer,2023-08-13
CUST05022,Rahul Srivastava,Male,29,Indore,Madhya Pradesh,Small Business,2025-02-22
CUST05023,Aarav Verma,Male,35,Hyderabad,Telangana,Corporate,2023-12-23
CUST05024,Vikram Kapoor,Male,29,Surat,Gujarat,Corporate,2022-11-08
CUST05025,Arjun Kumar,Male,25,Bhubaneswar,Odisha,Corporate,2023-02-09
CUST05029,Priya Yadav,Male,36,Hyderabad,Telangana,Small Business,2023-02-16
CUST05036,Neha Yadav,Female,150,Ludhiana,Punjab,Consumer,2023-06-12
CUST05038,Kunal Saxena,Female,40,Nagpur,Maharashtra,Corporate,2024-12-24
CUST05040,Amit Saxena,Male,20,Ludhiana,Punjab,Corporate,2024-02-02
CUST05041,Ananya Agarwal,Female,38,Pune,Maharashtra,Small Business,2024-06-11
CUST05042,Neha Mishra,Male,41,Chandigarh,Chandigarh,Small Business,2023-12-30
CUST05046,Kavya Jain,Female,18,Ahmedabad,Gujarat,Consumer,2022-01-28
CUST05048,Isha Srivastava,Female,53,Bengaluru,Karnataka,Consumer,2023-01-19
CUST05051,Sneha Gupta,Female,41,Surat,Gujarat,Consumer,2024-07-03
CUST05054,Vivaan Jain,Female,46,Patna,Bihar,Consumer,2022-09-17
CUST05055,Priya Joshi,Male,22,Delhi,Delhi,Corporate,2022-03-28
CUST05062,Amit Patel,Female,35,Bengaluru,Karnataka,Small Business,2024-06-04
CUST05064,Neha Srivastava,Male,36,Chennai,Tamil Nadu,Small Business,2023-04-28
CUST05072,Rahul Kapoor,Male,41,Nagpur,Maharashtra,Consumer,2023-05-18
CUST05074,Riya Malhotra,Male,22,Coimbatore,Tamil Nadu,Corporate,2024-09-28
CUST05076,Aarav Mehta,Female,29,Ahmedabad,Gujarat,Small Business,2023-09-24
CUST05077,Aditya Malhotra,Female,56,Pune,Maharashtra,Corporate,2023-04-12
CUST05080,Aditya Verma,Male,19,Bhopal,Madhya Pradesh,Small Business,2023-03-07
CUST05086,Riya Mishra,Male,27,Pune,Maharashtra,Consumer,2024-02-03
CUST05092,Priya Yadav,Male,37,Ahmedabad,Gujarat,Consumer,2022-03-07
CUST05097,Rahul Jain,Male,33,Bengaluru,Karnataka,Corporate,2023-04-14
CUST05099,Aditi Srivastava,Male,58,Patna,Bihar,Corporate,2023-08-22
CUST05100,Arjun Agarwal,Male,49,Mumbai,Maharashtra,Small Business,2022-05-01
CUST05105,Sneha Yadav,Male,49,Jaipur,Rajasthan,Consumer,2023-07-01
CUST05110,Riya Chauhan,Other,39,Mumbai,Maharashtra,Consumer,2024-01-07
CUST05111,Ananya Gupta,Male,28,Nagpur,Maharashtra,Consumer,2023-05-26
CUST05114,Rohan Mehta,Female,41,Lucknow,Uttar Pradesh,Consumer,2025-01-24
CUST05118,Sneha Saxena,Male,45,Indore,Madhya Pradesh,Consumer,2022-07-04
CUST05124,Riya Kapoor,Male,18,Chennai,Tamil Nadu,Corporate,2024-11-20
CUST05128,Vikram Mishra,Female,51,Bhopal,Madhya Pradesh,Corporate,2024-05-21
CUST05129,Kunal Sharma,Female,55,Chennai,Tamil Nadu,Consumer,2024-03-01
CUST05134,Vivaan Verma,Male,52,Lucknow,Uttar Pradesh,Consumer,2022-04-02
CUST05142,Aarav Chauhan,Male,32,Lucknow,Uttar Pradesh,Corporate,2022-02-06
CUST05143,Aarav Mehta,Male,45,Chennai,Tamil Nadu,Corporate,2022-02-07
CUST05144,Meera Srivastava,Male,33,Nagpur,Maharashtra,Consumer,2024-12-17
CUST05146,Rahul Kumar,Female,32,Kochi,Kerala,Consumer,2025-03-24
CUST05149,Pooja Saxena,Male,28,Ahmedabad,Gujarat,Consumer,2022-04-18
CUST05153,Meera Shah,Male,32,Dehradun,Uttarakhand,Corporate,2025-03-07
CUST05164,Amit Srivastava,Male,39,Kolkata,West Bengal,Consumer,2023-07-21
CUST05168,Kunal Yadav,Male,23,Ludhiana,Punjab,Consumer,2024-08-26
CUST05180,Vivaan Sharma,Male,37,Ahmedabad,Gujarat,Consumer,2022-05-04
CUST05184,Neha Chauhan,Female,38,Bhubaneswar,Odisha,Small Business,2023-06-22
CUST05190,Aditi Agarwal,Male,18,Mumbai,Maharashtra,Small Business,2023-01-10
CUST05192,Neha Chauhan,Female,43,Patna,Bihar,Consumer,2023-08-19
CUST05194,Amit Shah,Male,37,Delhi,Delhi,Corporate,2024-10-13
CUST05195,Priya Gupta,Female,30,Ahmedabad,Gujarat,Corporate,2024-04-18
CUST05196,Amit Kapoor,Male,34,Ahmedabad,Gujarat,Corporate,2023-07-08
CUST05203,Ananya Gupta,Male,45,Kolkata,West Bengal,Consumer,2024-12-15
CUST05208,Neha Chauhan,Female,46,Kochi,Kerala,Corporate,2023-09-29
CUST05212,Nikhil Chauhan,Female,28,Chandigarh,Chandigarh,Consumer,2022-02-16
CUST05218,Kavya Srivastava,Female,27,Chennai,Tamil Nadu,Consumer,2023-08-13
CUST05219,Neha Agarwal,Female,35,Delhi,Delhi,Small Business,2025-01-24
CUST05221,Isha Agarwal,Female,44,Mumbai,Maharashtra,Small Business,2022-05-02
CUST05222,Meera Shah,Male,35,Bhubaneswar,Odisha,Consumer,2023-10-21
CUST05226,Pooja Shah,Male,40,Indore,Madhya Pradesh,Consumer,2023-01-07
CUST05232,Vivaan Shah,Female,61,Indore,Madhya Pradesh,Consumer,2022-07-10
CUST05233,Rohan Malhotra,Male,18,Mumbai,Maharashtra,Consumer,2022-03-05
CUST05238,Ananya Srivastava,Male,45,Kolkata,West Bengal,Small Business,2024-01-13
CUST05241,Vikram Mehta,Female,52,Pune,Maharashtra,Small Business,2023-06-17
CUST05250,Nikhil Kumar,Male,52,Nagpur,Maharashtra,Corporate,2022-11-27
CUST05254,Rohan Patel,Male,46,Nagpur,Maharashtra,Consumer,2023-03-17
CUST05261,Pooja Mishra,Female,30,Guwahati,Assam,Consumer,2022-04-30
CUST05263,Meera Mishra,Female,25,Nagpur,Maharashtra,Small Business,2024-05-01
CUST05267,Ananya Malhotra,Female,47,Bhopal,Madhya Pradesh,Corporate,2022-01-13
CUST05268,Rahul Saxena,Male,22,Bengaluru,Karnataka,Consumer,2024-01-20
CUST05272,Nikhil Singh,Male,52,Surat,Gujarat,Small Business,2024-07-16
CUST05275,Sneha Mehta,Male,54,Bengaluru,Karnataka,Corporate,2022-04-15
CUST05277,Meera Gupta,Male,18,Dehradun,Uttarakhand,Corporate,2023-11-14
CUST05280,Vivaan Sharma,Male,34,Ludhiana,Punjab,Consumer,2022-01-14
CUST05282,Sneha Singh,Male,35,Hyderabad,Telangana,Small Business,2024-04-07
CUST05292,Ananya Mehta,Male,20,Bhubaneswar,Odisha,Consumer,2022-06-27
CUST05301,Aditi Kumar,Male,21,Delhi,Delhi,Consumer,2024-05-12
CUST05306,Nikhil Verma,Male,23,Coimbatore,Tamil Nadu,Small Business,2023-06-19
CUST05307,Neha Gupta,Male,18,Ahmedabad,Gujarat,Consumer,2022-11-06
CUST05311,Arjun Patel,Male,33,Patna,Bihar,Small Business,2024-08-12
CUST05312,Aarav Agarwal,Female,23,Patna,Bihar,Small Business,2023-07-04
CUST05314,Riya Saxena,Male,30,Ahmedabad,Gujarat,Corporate,2024-03-09
CUST05320,Aditi Sharma,Female,40,Ludhiana,Punjab,Consumer,2024-08-06
CUST05323,Aditi Yadav,Male,20,Hyderabad,Telangana,Corporate,2023-12-31
CUST05349,Amit Joshi,Female,50,Mumbai,Maharashtra,Consumer,2023-03-31
CUST05351,Priya Mishra,Male,19,Ludhiana,Punjab,Consumer,2022-02-19
CUST05353,Neha Singh,Female,18,Jaipur,Rajasthan,Consumer,2022-03-10
CUST05364,Priya Kapoor,Male,18,Kolkata,West Bengal,Consumer,2024-10-15
CUST05365,Riya Agarwal,Male,37,Mumbai,Maharashtra,Consumer,2024-09-30
CUST05368,Neha Joshi,Female,33,Nagpur,Maharashtra,Consumer,2022-06-08
CUST05372,Rahul Mehta,Male,23,Kochi,Kerala,Small Business,2023-03-03
CUST05382,Aarav Singh,Male,36,Patna,Bihar,Corporate,2022-03-18
CUST05383,Kunal Sharma,Female,43,Ahmedabad,Gujarat,Consumer,2022-01-06
CUST05386,Vivaan Jain,Male,39,Bhubaneswar,Odisha,Corporate,2022-05-06
CUST05388,Aditi Shah,Female,35,Guwahati,Assam,Consumer,2022-07-16
CUST05392,Meera Agarwal,Other,32,Chandigarh,Chandigarh,Small Business,2025-02-26
CUST05394,Aditya Yadav,Male,20,Kolkata,West Bengal,Corporate,2025-03-13
CUST05404,Neha Mehta,Female,27,Bhopal,Madhya Pradesh,Small Business,2025-03-27
CUST05413,Rohan Kumar,Male,34,Bhopal,Madhya Pradesh,Corporate,2022-11-10
CUST05415,Aditya Yadav,Female,33,Mumbai,Maharashtra,Consumer,2024-03-29
CUST05419,Rahul Mehta,Male,19,Nagpur,Maharashtra,Consumer,2024-02-22
CUST05421,Rahul Srivastava,Male,47,Coimbatore,Tamil Nadu,Consumer,2022-12-02
CUST05431,Arjun Kumar,Other,35,Guwahati,Assam,Consumer,2025-02-27
CUST05432,Aditya Malhotra,Female,44,Ludhiana,Punjab,Consumer,2024-09-29
CUST05451,Kavya Agarwal,Female,37,Dehradun,Uttarakhand,Consumer,2024-10-04
CUST05452,Nikhil Verma,Female,27,Kochi,Kerala,Small Business,2024-10-04
CUST05458,Riya Mehta,Female,38,Ahmedabad,Gujarat,Consumer,2024-07-04
CUST05461,Amit Singh,Female,18,Bhubaneswar,Odisha,Small Business,2022-01-06
CUST05474,Rohan Singh,Female,150,Chandigarh,Chandigarh,Corporate,2023-12-06
CUST05478,Riya Gupta,Male,25,Hyderabad,Telangana,Corporate,2025-02-10
CUST05479,Nikhil Joshi,Male,51,Jaipur,Rajasthan,Corporate,2023-04-30
CUST05486,Priya Chauhan,Male,36,Chandigarh,Chandigarh,Consumer,2023-03-03
CUST05488,Kunal Srivastava,Female,29,Kochi,Kerala,Corporate,2023-06-20
CUST05489,Riya Joshi,Female,60,Kolkata,West Bengal,Corporate,2023-05-14
CUST05491,Kavya Patel,Female,18,Indore,Madhya Pradesh,Consumer,2022-11-10
CUST05507,Aditi Kumar,Male,37,Jaipur,Rajasthan,Consumer,2024-07-22
CUST05513,Aditya Mishra,Female,41,Bhubaneswar,Odisha,Corporate,2022-07-02
CUST05515,Kavya Chauhan,Female,47,Bhopal,Madhya Pradesh,Consumer,2024-03-04
CUST05524,Ananya Singh,Male,36,Patna,Bihar,Consumer,2023-06-28
CUST05525,Amit Mehta,Female,28,Bengaluru,Karnataka,Consumer,2024-06-21
CUST05527,Rahul Yadav,Female,31,Nagpur,Maharashtra,Small Business,2024-11-15
CUST05534,Aarav Singh,Male,39,Surat,Gujarat,Consumer,2023-02-25
CUST05536,Nikhil Malhotra,Male,22,Chennai,Tamil Nadu,Consumer,2024-11-17
CUST05542,Aditi Malhotra,Male,49,Chandigarh,Chandigarh,Small Business,2023-04-02
CUST05543,Aarav Jain,Male,31,Mumbai,Maharashtra,Corporate,2023-07-12
CUST05553,Meera Gupta,Male,18,Chennai,Tamil Nadu,Consumer,2024-12-12
CUST05554,Isha Patel,Male,30,Chennai,Tamil Nadu,Consumer,2022-05-02
CUST05559,Ananya Kapoor,Female,60,Bhopal,Madhya Pradesh,Consumer,2024-11-24
CUST05563,Isha Joshi,Male,37,Coimbatore,Tamil Nadu,Consumer,2024-12-24
CUST05564,Aarav Malhotra,Female,36,Jaipur,Rajasthan,Consumer,2023-04-02
CUST05571,Priya Mishra,Male,32,Kochi,,Corporate,2023-09-10
CUST05576,Kunal Saxena,Female,32,Bhopal,Madhya Pradesh,Consumer,2025-02-08
CUST05578,Ananya Sharma,Female,18,Patna,Bihar,Consumer,2023-01-31
CUST05580,Sneha Kapoor,Female,51,Ahmedabad,Gujarat,Consumer,2025-04-07
CUST05583,Ananya Singh,Female,18,Hyderabad,,Consumer,2025-01-30
CUST05585,Aditi Joshi,Female,35,Indore,Madhya Pradesh,Corporate,2024-03-13
CUST05589,Priya Agarwal,Female,41,Coimbatore,Tamil Nadu,Consumer,2023-08-10
CUST05594,Nikhil Kapoor,Female,46,Bengaluru,Karnataka,Consumer,2025-02-25
CUST05596,Rohan Singh,Male,29,Pune,Maharashtra,Consumer,2022-01-18
CUST05602,Priya Saxena,Male,31,Guwahati,Assam,Consumer,2024-10-14
CUST05605,Neha Shah,Female,23,Bengaluru,Karnataka,Corporate,2024-09-24
CUST05615,Rohan Joshi,Male,47,Nagpur,Maharashtra,Corporate,2022-12-08
CUST05616,Riya Mehta,Male,52,Kochi,Kerala,Consumer,2023-12-31
CUST05619,Vikram Verma,Female,58,Bhubaneswar,Odisha,Corporate,2022-04-05
CUST05621,Sneha Srivastava,Male,61,Lucknow,Uttar Pradesh,Small Business,2024-01-06
CUST05626,Ananya Verma,Male,42,Hyderabad,Telangana,Consumer,2022-09-21
CUST05632,Pooja Sharma,Male,43,Nagpur,Maharashtra,Consumer,2022-05-02
CUST05638,Aarav Chauhan,Female,19,Surat,,Corporate,2024-09-13
CUST05644,Sneha Gupta,Other,35,Chennai,Tamil Nadu,Consumer,2024-03-23
CUST05645,Ananya Verma,Male,46,Bengaluru,Karnataka,Corporate,2024-06-30
CUST05646,Aditya Patel,Female,30,Delhi,Delhi,Corporate,2023-10-29
CUST05648,Neha Srivastava,Male,41,Guwahati,Assam,Small Business,2022-05-24
CUST05651,Aditya Singh,Female,33,Patna,Bihar,Corporate,2023-10-09
CUST05655,Riya Kumar,Male,24,Dehradun,Uttarakhand,Corporate,2023-08-11
CUST05656,Kunal Gupta,Male,39,Ludhiana,Punjab,Consumer,2024-04-12
CUST05659,Meera Mehta,Female,25,Bhopal,Madhya Pradesh,Corporate,2022-12-07
CUST05663,Nikhil Jain,Female,36,Kolkata,West Bengal,Consumer,2023-07-05
CUST05670,Kunal Singh,Female,31,Hyderabad,Telangana,Small Business,2022-04-11
CUST05672,Ananya Yadav,Female,58,Chennai,Tamil Nadu,Consumer,2024-02-07
CUST05676,Riya Srivastava,Female,55,Dehradun,Uttarakhand,Corporate,2023-09-14
CUST05682,Isha Verma,Male,27,Coimbatore,Tamil Nadu,Consumer,2023-12-15
CUST05687,Meera Shah,Female,36,Kochi,Kerala,Consumer,2025-04-05
CUST05688,Rohan Malhotra,Male,48,Dehradun,Uttarakhand,Corporate,2022-02-02
CUST05689,Isha Joshi,Female,38,Kochi,Kerala,Consumer,2025-03-07
CUST05693,Ananya Kumar,Male,18,Bhubaneswar,Odisha,Corporate,2022-04-02
CUST05698,Kunal Agarwal,Female,20,Kochi,Kerala,Consumer,2022-05-17
CUST05699,Aarav Kumar,Female,48,Hyderabad,Telangana,Consumer,2024-05-04
CUST05702,Amit Shah,Female,35,Ahmedabad,Gujarat,Consumer,2024-03-05
CUST05703,Isha Srivastava,Male,30,Mumbai,Maharashtra,Corporate,2023-08-29
CUST05709,Rohan Patel,Female,34,Bhopal,Madhya Pradesh,Consumer,2025-03-01
CUST05710,Aarav Gupta,Female,18,Kochi,Kerala,Small Business,2024-09-03
CUST05713,Neha Mishra,Male,33,Indore,Madhya Pradesh,Consumer,2024-05-20
CUST05715,Neha Malhotra,Male,40,Guwahati,Assam,Small Business,2024-08-21
CUST05719,Aditi Sharma,Male,34,Lucknow,Uttar Pradesh,Consumer,2022-12-21
CUST05720,Arjun Saxena,Female,34,Indore,Madhya Pradesh,Consumer,2024-07-23
CUST05724,Vikram Verma,Female,37,Bhopal,Madhya Pradesh,Consumer,2022-03-31
CUST05726,Priya Singh,Female,29,Mumbai,Maharashtra,Small Business,2022-05-02
CUST05728,Kunal Patel,Female,62,Jaipur,Rajasthan,Corporate,2025-04-09
CUST05730,Sneha Srivastava,Male,35,Surat,Gujarat,Corporate,2025-01-17
CUST05731,Isha Shah,Female,21,Kolkata,West Bengal,Small Business,2022-06-28
CUST05736,Ananya Mehta,Male,39,Nagpur,Maharashtra,Consumer,2022-04-13
CUST05739,Aditi Malhotra,Female,40,Ludhiana,Punjab,Small Business,2023-04-17
CUST05741,Amit Jain,Female,36,Kochi,Kerala,Consumer,2022-01-13
CUST05748,Pooja Patel,Male,35,Dehradun,Uttarakhand,Consumer,2024-10-10
CUST05749,Priya Gupta,Male,27,Patna,Bihar,Small Business,2023-12-02
CUST05751,Vivaan Malhotra,Female,36,Bhubaneswar,Odisha,Corporate,2023-03-21
CUST05754,Vivaan Srivastava,Other,42,Mumbai,Maharashtra,Consumer,2024-03-20
CUST05757,Meera Shah,Female,24,Pune,Maharashtra,Consumer,2024-08-03
CUST05761,Kunal Verma,Female,43,Jaipur,Rajasthan,Consumer,2023-06-12
CUST05762,Pooja Singh,Female,34,Chandigarh,Chandigarh,Consumer,2024-06-18
CUST05764,Aarav Kapoor,Female,57,Jaipur,Rajasthan,Corporate,2024-10-31
CUST05775,Sneha Singh,Female,49,Indore,Madhya Pradesh,Consumer,2022-06-16
CUST05776,Neha Sharma,Male,35,Patna,Bihar,Consumer,2024-12-28
CUST05790,Kavya Patel,Female,38,Guwahati,Assam,Consumer,2023-08-25
CUST05794,Aditi Sharma,Male,34,Guwahati,Assam,Consumer,2025-04-05
CUST05804,Aditya Mishra,Male,27,Patna,Bihar,Consumer,2022-12-12
CUST05810,Neha Mehta,Male,40,Ahmedabad,Gujarat,Corporate,2024-11-22
CUST05812,Kavya Singh,Male,36,Chennai,Tamil Nadu,Consumer,2023-12-30
CUST05815,Rahul Joshi,Female,38,Bengaluru,Karnataka,Corporate,2023-08-25
CUST05816,Vikram Mishra,Male,31,Delhi,Delhi,Consumer,2023-07-16
CUST05821,Priya Srivastava,Female,41,Bengaluru,Karnataka,Consumer,2022-07-26
CUST05822,Kavya Kumar,Male,44,Hyderabad,Telangana,Corporate,2022-11-04
CUST05838,Aditya Mishra,Male,24,Lucknow,Uttar Pradesh,Consumer,2022-08-01
CUST05839,Isha Saxena,Male,29,Mumbai,Maharashtra,Corporate,2022-09-27
CUST05841,Arjun Verma,Female,27,Coimbatore,Tamil Nadu,Corporate,2025-02-14
CUST05844,Riya Verma,Female,38,Lucknow,Uttar Pradesh,Consumer,2025-02-20
CUST05847,Kavya Mishra,Female,29,Jaipur,Rajasthan,Consumer,2023-11-13
CUST05851,Rahul Mishra,Male,24,Chandigarh,Chandigarh,Consumer,2022-02-04
CUST05853,Aarav Joshi,Female,34,Dehradun,Uttarakhand,Corporate,2023-04-01
CUST05859,Pooja Jain,Male,24,Pune,Maharashtra,Small Business,2023-02-10
CUST05861,Meera Saxena,Male,49,Bhopal,Madhya Pradesh,Small Business,2024-12-04
CUST05863,Priya Verma,Male,38,Nagpur,Maharashtra,Consumer,2022-01-28
CUST05866,Ananya Shah,Male,36,Nagpur,Maharashtra,Consumer,2022-01-22
CUST05867,Aditi Jain,Female,28,Hyderabad,Telangana,Consumer,2024-08-02
CUST05881,Arjun Chauhan,Female,36,Chandigarh,Chandigarh,Corporate,2024-06-03
CUST05884,Isha Verma,Female,42,Ludhiana,Punjab,Consumer,2022-08-10
CUST05891,Pooja Joshi,Male,26,Kochi,Kerala,Corporate,2024-07-29
CUST05893,Aditya Saxena,Male,24,Jaipur,Rajasthan,Small Business,2022-09-29
CUST05897,Aditya Shah,Male,24,Lucknow,Uttar Pradesh,Consumer,2024-10-22
CUST05899,Rohan Kumar,Female,50,Chennai,,Consumer,2023-04-19
CUST05903,Aditi Kapoor,Male,33,Jaipur,Rajasthan,Consumer,2023-11-06
CUST05904,Amit Agarwal,Male,31,Coimbatore,Tamil Nadu,Corporate,2025-03-02
CUST05906,Aarav Saxena,Female,50,Chandigarh,Chandigarh,Corporate,2024-02-05
CUST05911,Sneha Shah,Male,31,Ludhiana,Punjab,Consumer,2022-06-18
CUST05912,Aarav Kapoor,Female,53,Pune,Maharashtra,Corporate,2024-07-19
CUST05928,Nikhil Patel,Female,39,Bengaluru,Karnataka,Corporate,2023-08-30
CUST05930,Meera Sharma,Female,35,Dehradun,Uttarakhand,Consumer,2022-08-10
CUST05931,Kavya Patel,Female,41,Patna,Bihar,Consumer,2022-08-09
CUST05936,Arjun Saxena,Female,42,Mumbai,Maharashtra,Consumer,2022-01-08
CUST05937,Isha Mishra,Female,43,Chandigarh,Chandigarh,Small Business,2024-07-15
CUST05938,Neha Srivastava,Male,25,Nagpur,Maharashtra,Small Business,2025-03-16
CUST05943,Riya Kumar,Male,31,Ludhiana,Punjab,Corporate,2022-11-20
CUST05944,Pooja Mishra,Male,31,Chennai,Tamil Nadu,Consumer,2024-12-03
CUST05949,Meera Jain,Male,26,Patna,,Consumer,2023-12-12
CUST05956,Sneha Joshi,Male,21,Hyderabad,Telangana,Consumer,2024-07-14
CUST05957,Rohan Chauhan,Male,37,Ludhiana,Punjab,Corporate,2024-02-27
CUST05960,Isha Patel,Male,22,Bhubaneswar,Odisha,Consumer,2023-04-14
CUST05961,Amit Patel,Female,36,Chandigarh,Chandigarh,Corporate,2022-07-15
CUST05964,Riya Srivastava,Female,39,Mumbai,Maharashtra,Corporate,2024-02-25
CUST05965,Ananya Gupta,Female,30,Kochi,Kerala,Consumer,2022-03-11
CUST05971,Kavya Patel,Female,26,Kochi,Kerala,Corporate,2022-02-14
CUST05988,Aditya Saxena,Male,58,Nagpur,Maharashtra,Consumer,2024-04-01
CUST05995,Meera Shah,Male,38,Jaipur,Rajasthan,Corporate,2023-05-09
CUST06000,Aarav Shah,Male,46,Jaipur,Rajasthan,Consumer,2023-09-16
CUST06004,Neha Gupta,Female,45,Bengaluru,Karnataka,Consumer,2024-10-14
CUST06007,Vivaan Mehta,Female,35,Mumbai,Maharashtra,Corporate,2024-12-16
CUST06010,Rahul Yadav,Female,18,Delhi,Delhi,Consumer,2023-11-24
CUST06013,Rohan Singh,Male,33,Chennai,Tamil Nadu,Corporate,2024-12-08
CUST06018,Rahul Mishra,Female,18,Delhi,Delhi,Corporate,2024-10-18
CUST06023,Nikhil Jain,Male,29,Mumbai,Maharashtra,Corporate,2023-06-09
CUST06024,Riya Kapoor,Male,28,Bhubaneswar,Odisha,Consumer,2023-10-06
CUST06025,Neha Singh,Female,26,Indore,Madhya Pradesh,Corporate,2023-11-02
CUST06026,Nikhil Kapoor,Male,45,Kochi,Kerala,Consumer,2023-07-25
CUST06027,Aditi Srivastava,Male,36,Surat,Gujarat,Consumer,2024-02-27
CUST06028,Nikhil Agarwal,Female,46,Hyderabad,Telangana,Corporate,2022-08-23
CUST06029,Meera Agarwal,Female,18,Bhopal,Madhya Pradesh,Corporate,2023-03-24
CUST06034,Pooja Sharma,Male,31,Patna,Bihar,Consumer,2024-12-09
CUST06035,Aarav Chauhan,Female,40,Dehradun,Uttarakhand,Consumer,2024-08-18
CUST06036,Aditi Gupta,Female,24,Jaipur,Rajasthan,Consumer,2024-11-30
CUST06038,Priya Yadav,Male,18,Pune,Maharashtra,Consumer,2023-08-07
CUST06041,Riya Kapoor,Female,47,Ahmedabad,Gujarat,Consumer,2024-03-09
CUST06042,Sneha Gupta,Female,26,Ahmedabad,Gujarat,Consumer,2024-10-22
CUST06044,Vivaan Gupta,Female,28,Kochi,Kerala,Consumer,2025-02-12
CUST06050,Kavya Sharma,Male,33,Mumbai,Maharashtra,Consumer,2025-02-06
CUST06053,Aarav Saxena,Female,30,Ahmedabad,Gujarat,Corporate,2023-09-29
CUST06056,Pooja Chauhan,Female,35,Kolkata,West Bengal,Small Business,2023-05-09
CUST06057,Riya Mishra,Female,32,Lucknow,Uttar Pradesh,Corporate,2023-07-30
CUST06058,Vikram Srivastava,Male,48,Bengaluru,Karnataka,Consumer,2022-04-12
CUST06059,Vikram Joshi,Male,40,Chennai,Tamil Nadu,Consumer,2022-05-18
CUST06071,Riya Sharma,Female,53,Jaipur,Rajasthan,Corporate,2024-09-18
CUST06072,Rahul Yadav,Male,45,Hyderabad,Telangana,Small Business,2022-01-12
CUST06074,Neha Verma,Male,36,Bengaluru,Karnataka,Consumer,2023-07-10
CUST06075,Neha Kumar,Female,50,Patna,Bihar,Consumer,2024-09-18
CUST06078,Riya Saxena,Male,37,Ludhiana,Punjab,Consumer,2024-12-06
CUST06083,Ananya Gupta,Female,20,Dehradun,Uttarakhand,Corporate,2025-03-10
CUST06084,Kunal Joshi,Male,29,Patna,Bihar,Corporate,2023-10-15
CUST06085,Aditi Sharma,Male,41,Chennai,Tamil Nadu,Small Business,2023-02-05
CUST06091,Amit Malhotra,Male,36,Ludhiana,Punjab,Consumer,2022-08-03
CUST06099,Vikram Singh,Female,47,Coimbatore,Tamil Nadu,Consumer,2025-03-19
CUST06102,Priya Saxena,Female,21,Bhubaneswar,Odisha,Corporate,2024-08-18
CUST06105,Meera Kapoor,Female,18,Kolkata,West Bengal,Consumer,2022-12-10
CUST06110,Meera Joshi,Male,48,Bengaluru,Karnataka,Consumer,2023-07-29
CUST06112,Arjun Sharma,Male,19,Indore,Madhya Pradesh,Consumer,2023-12-08
CUST06113,Vikram Gupta,Female,22,Indore,Madhya Pradesh,Consumer,2024-09-09
CUST06114,Riya Singh,Female,18,Bengaluru,Karnataka,Small Business,2023-06-17
CUST06115,Ananya Patel,Male,48,Ludhiana,Punjab,Consumer,2023-09-16
CUST06116,Aditya Sharma,Female,51,Chandigarh,Chandigarh,Consumer,2023-05-15
CUST06123,Riya Patel,Female,50,Coimbatore,Tamil Nadu,Corporate,2024-08-23
CUST06133,Pooja Chauhan,Female,22,Patna,Bihar,Corporate,2023-12-16
CUST06138,Amit Yadav,Female,37,Kochi,Kerala,Corporate,2024-03-13
CUST06144,Isha Sharma,Female,31,Guwahati,Assam,Small Business,2023-06-09
CUST06147,Sneha Sharma,Male,45,Bhopal,Madhya Pradesh,Corporate,2023-08-07
CUST06160,Meera Patel,Male,40,Dehradun,Uttarakhand,Small Business,2023-04-12
CUST06161,Riya Patel,Female,26,Dehradun,Uttarakhand,Consumer,2024-06-14
CUST06164,Priya Kumar,Female,32,Jaipur,Rajasthan,Consumer,2022-09-26
CUST06165,Ananya Kapoor,Male,33,Dehradun,Uttarakhand,Consumer,2023-07-13
CUST06168,Rahul Shah,Male,25,Coimbatore,Tamil Nadu,Consumer,2025-02-06
CUST06170,Neha Saxena,Male,32,Kochi,Kerala,Small Business,2023-10-21
CUST06177,Vivaan Mehta,Male,18,Kochi,Kerala,Corporate,2025-03-02
CUST06189,Nikhil Singh,Female,37,Jaipur,Rajasthan,Corporate,2022-10-24
CUST06190,Kunal Joshi,Female,24,Indore,Madhya Pradesh,Corporate,2023-10-02
CUST06195,Isha Shah,Male,23,Pune,Maharashtra,Consumer,2023-05-14
CUST06197,Kunal Agarwal,Male,22,Bengaluru,Karnataka,Corporate,2024-05-02
CUST06207,Isha Patel,Male,31,Hyderabad,Telangana,Corporate,2023-07-25
CUST06208,Ananya Malhotra,Male,36,Kochi,Kerala,Consumer,2022-06-24
CUST06214,Vikram Kumar,Female,40,Pune,Maharashtra,Small Business,2023-02-17
CUST06215,Kavya Kapoor,Female,32,Hyderabad,Telangana,Consumer,2022-08-19
CUST06219,Rahul Shah,Female,42,Lucknow,Uttar Pradesh,Consumer,2022-08-15
CUST06225,Kavya Mehta,Male,45,Ahmedabad,Gujarat,Corporate,2023-06-08
CUST06227,Kavya Patel,Female,47,Bengaluru,Karnataka,Corporate,2022-01-21
CUST06230,Ananya Malhotra,Female,50,Surat,Gujarat,Consumer,2024-09-21
CUST06231,Aditi Jain,Male,46,Indore,Madhya Pradesh,Consumer,2025-02-28
CUST06241,Vikram Patel,Female,40,Chennai,Tamil Nadu,Consumer,2025-02-21
CUST06242,Riya Patel,Female,34,Chandigarh,Chandigarh,Consumer,2023-07-28
CUST06243,Rohan Shah,Male,33,Patna,Bihar,Consumer,2024-11-06
CUST06245,Vikram Saxena,Male,37,Coimbatore,Tamil Nadu,Consumer,2024-03-03
CUST06246,Nikhil Kumar,Male,29,Pune,Maharashtra,Consumer,2022-01-11
CUST06250,Vivaan Kumar,Female,40,Ludhiana,Punjab,Consumer,2023-06-20
CUST06251,Isha Mehta,Female,37,Hyderabad,Telangana,Corporate,2024-06-25
CUST06252,Sneha Srivastava,Other,39,Ludhiana,Punjab,Corporate,2024-07-12
CUST06258,Aarav Kumar,Female,38,Hyderabad,Telangana,Small Business,2022-11-12
CUST06259,Rahul Shah,Female,55,Kochi,Kerala,Consumer,2023-09-16
CUST06263,Vikram Malhotra,Female,33,Dehradun,Uttarakhand,Consumer,2022-11-18
CUST06264,Priya Agarwal,Male,45,Bhubaneswar,Odisha,Consumer,2022-12-24
CUST06270,Isha Shah,Female,37,Hyderabad,Telangana,Corporate,2022-08-27
CUST06272,Kunal Mehta,Male,49,Kochi,Kerala,Consumer,2022-03-16
CUST06274,Priya Jain,Male,56,Kolkata,West Bengal,Small Business,2022-01-05
CUST06280,Rahul Agarwal,Male,48,Ahmedabad,Gujarat,Corporate,2023-11-05
CUST06282,Aarav Patel,Male,46,Mumbai,Maharashtra,Corporate,2024-11-23
CUST06286,Arjun Patel,Female,36,Guwahati,Assam,Small Business,2022-08-09
CUST06289,Aditi Saxena,Male,35,Dehradun,Uttarakhand,Consumer,2023-03-17
CUST06290,Vivaan Patel,Male,40,Kolkata,West Bengal,Consumer,2025-03-23
CUST06300,Aditya Singh,Female,45,Ludhiana,Punjab,Corporate,2024-10-28
CUST06303,Pooja Agarwal,Female,32,Chandigarh,Chandigarh,Corporate,2024-10-10
CUST06308,Amit Joshi,Female,34,Jaipur,Rajasthan,Consumer,2024-01-31
CUST06310,Rahul Kapoor,Male,41,Ludhiana,Punjab,Small Business,2024-07-11
CUST06313,Vivaan Joshi,Male,34,Delhi,Delhi,Corporate,2024-12-28
CUST06316,Nikhil Agarwal,Female,19,Delhi,Delhi,Small Business,2024-04-10
CUST06317,Kavya Kumar,Male,25,Coimbatore,Tamil Nadu,Consumer,2023-02-04
CUST06323,Ananya Malhotra,Male,39,Jaipur,Rajasthan,Consumer,2022-07-12
CUST06325,Kavya Malhotra,Male,48,Patna,Bihar,Consumer,2024-02-13
CUST06329,Vikram Kapoor,Female,38,Delhi,Delhi,Corporate,2024-10-04
CUST06335,Vikram Gupta,Female,43,Delhi,Delhi,Corporate,2024-03-03
CUST06340,Aditya Singh,Male,18,Bengaluru,Karnataka,Consumer,2025-02-25
CUST06350,Sneha Mehta,Female,60,Chennai,Tamil Nadu,Consumer,2022-10-22
CUST06351,Riya Saxena,Female,38,Pune,Maharashtra,Small Business,2023-03-27
CUST06358,Ananya Singh,Other,25,Lucknow,Uttar Pradesh,Small Business,2024-03-08
CUST06360,Priya Jain,Male,39,Bhopal,Madhya Pradesh,Consumer,2023-06-09
CUST06368,Aditi Kumar,Female,27,Chandigarh,Chandigarh,Consumer,2022-09-15
CUST06370,Vivaan Gupta,Male,42,Delhi,Delhi,Consumer,2024-02-02
CUST06372,Neha Gupta,Female,26,Delhi,Delhi,Consumer,2023-11-16
CUST06375,Vivaan Srivastava,Female,34,Chandigarh,Chandigarh,Consumer,2023-02-04
CUST06379,Vivaan Srivastava,Female,36,Nagpur,Maharashtra,Consumer,2022-02-19
CUST06384,Vikram Chauhan,Female,36,Lucknow,Uttar Pradesh,Small Business,2024-04-15
CUST06387,Priya Gupta,Female,45,Indore,Madhya Pradesh,Corporate,2024-11-30
CUST06389,Amit Srivastava,Female,39,Ludhiana,Punjab,Consumer,2022-02-12
CUST06390,Vivaan Joshi,Female,32,Chennai,Tamil Nadu,Consumer,2022-12-24
CUST06392,Rohan Srivastava,Male,28,Ahmedabad,Gujarat,Small Business,2024-06-08
CUST06393,Rohan Saxena,Female,34,Dehradun,Uttarakhand,Consumer,2024-12-03
CUST06396,Sneha Gupta,Male,31,Jaipur,Rajasthan,Small Business,2025-02-25
CUST06403,Aditi Verma,Male,51,Mumbai,Maharashtra,Consumer,2022-07-01
CUST06404,Rohan Joshi,Male,39,Patna,Bihar,Consumer,2024-09-06
CUST06414,Sneha Patel,Male,46,Lucknow,Uttar Pradesh,Consumer,2024-07-29
CUST06421,Vikram Malhotra,Male,45,Bengaluru,Karnataka,Consumer,2024-01-16
CUST06424,Riya Kumar,Other,43,Hyderabad,Telangana,Consumer,2024-04-20
CUST06426,Ananya Mishra,Female,18,Coimbatore,Tamil Nadu,Corporate,2024-12-31
CUST06430,Aditya Saxena,Male,49,Chandigarh,Chandigarh,Corporate,2024-12-27
CUST06438,Aditi Kumar,Female,29,Mumbai,Maharashtra,Consumer,2022-11-13
CUST06439,Nikhil Shah,Female,19,Delhi,Delhi,Consumer,2024-08-26
CUST06441,Rahul Sharma,Male,26,Kolkata,West Bengal,Small Business,2023-02-24
CUST06442,Kunal Sharma,Male,18,Mumbai,Maharashtra,Consumer,2024-02-09
CUST06443,Aditya Srivastava,Male,45,Bhopal,Madhya Pradesh,Consumer,2022-10-28
CUST06450,Priya Mehta,Male,18,Chandigarh,Chandigarh,Corporate,2025-02-16
CUST06451,Aarav Patel,Male,63,Coimbatore,Tamil Nadu,Corporate,2024-11-12
CUST06452,Pooja Srivastava,Female,57,Coimbatore,Tamil Nadu,Corporate,2022-02-10
CUST06461,Arjun Srivastava,Male,23,Chandigarh,Chandigarh,Consumer,2022-08-12
CUST06463,Rahul Srivastava,Male,29,Dehradun,Uttarakhand,Consumer,2023-09-17
CUST06464,Isha Saxena,Male,18,Jaipur,Rajasthan,Consumer,2024-04-10
CUST06465,Rohan Kapoor,Male,23,Jaipur,Rajasthan,Corporate,2025-01-27
CUST06473,Meera Yadav,Male,46,Surat,Gujarat,Corporate,2024-01-08
CUST06474,Priya Mishra,Male,33,Patna,Bihar,Corporate,2024-02-19
CUST06475,Aditya Kumar,Female,38,Dehradun,Uttarakhand,Corporate,2022-08-13
CUST06476,Ananya Yadav,Other,30,Mumbai,Maharashtra,Corporate,2025-02-11
CUST06480,Aarav Mehta,Male,38,Pune,Maharashtra,Consumer,2024-11-20
CUST06485,Kunal Chauhan,Male,55,Hyderabad,Telangana,Corporate,2022-08-25
CUST06486,Nikhil Srivastava,Female,41,Patna,Bihar,Consumer,2024-01-11
CUST06488,Aditi Yadav,Male,33,Mumbai,Maharashtra,Consumer,2023-08-08
CUST06489,Riya Mehta,Female,34,Jaipur,Rajasthan,Consumer,2023-07-29
CUST06492,Vivaan Patel,Female,46,Nagpur,Maharashtra,Consumer,2022-07-24
CUST06500,Kunal Jain,Female,30,Indore,Madhya Pradesh,Small Business,2024-04-25
CUST06507,Nikhil Agarwal,Male,49,Patna,Bihar,Small Business,2023-09-09
CUST06513,Amit Chauhan,Female,26,Delhi,Delhi,Consumer,2024-02-14
CUST06516,Nikhil Mishra,Female,23,Mumbai,Maharashtra,Consumer,2024-06-02
CUST06519,Riya Kumar,Female,53,Ludhiana,Punjab,Corporate,2022-12-30
CUST06521,Pooja Chauhan,Female,24,Lucknow,Uttar Pradesh,Corporate,2023-12-05
CUST06534,Arjun Srivastava,Male,43,Ludhiana,Punjab,Small Business,2022-11-16
CUST06536,Sneha Gupta,Female,30,Kochi,Kerala,Consumer,2023-04-26
CUST06537,Vikram Jain,Female,27,Pune,Maharashtra,Small Business,2025-03-02
CUST06545,Isha Yadav,Female,32,Chandigarh,Chandigarh,Consumer,2022-04-09
CUST06546,Priya Saxena,Female,18,Chennai,Tamil Nadu,Corporate,2024-04-08
CUST06547,Rahul Chauhan,Male,48,Hyderabad,Telangana,Corporate,2023-01-20
CUST06555,Amit Gupta,Male,31,Surat,Gujarat,Small Business,2022-09-30
CUST06559,Aditya Gupta,Female,18,Patna,Bihar,Corporate,2022-11-18
CUST06560,Sneha Shah,Female,56,Jaipur,Rajasthan,Consumer,2022-06-26
CUST06564,Priya Jain,Male,37,Lucknow,Uttar Pradesh,Small Business,2024-08-03
CUST06573,Aditi Jain,Female,42,Lucknow,Uttar Pradesh,Consumer,2024-10-08
CUST06578,Vivaan Jain,Female,28,Delhi,Delhi,Consumer,2023-08-25
CUST06580,Rahul Jain,Female,36,Surat,Gujarat,Small Business,2023-06-13
CUST06582,Vivaan Singh,Female,57,Pune,Maharashtra,Small Business,2023-03-09
CUST06584,Pooja Singh,Male,31,Hyderabad,Telangana,Consumer,2022-09-30
CUST06589,Vikram Mehta,Female,41,Dehradun,Uttarakhand,Consumer,2022-09-06
CUST06590,Aditi Yadav,Male,35,Indore,Madhya Pradesh,Corporate,2023-09-29
CUST06591,Arjun Verma,Female,34,Lucknow,Uttar Pradesh,Corporate,2024-08-07
CUST06595,Riya Patel,Male,40,Guwahati,Assam,Consumer,2022-02-05
CUST06596,Sneha Agarwal,Male,39,Indore,Madhya Pradesh,Small Business,2025-01-27
CUST06599,Nikhil Verma,Female,41,Jaipur,Rajasthan,Consumer,2022-02-21
CUST06600,Riya Saxena,Female,40,Lucknow,Uttar Pradesh,Small Business,2024-03-16
CUST06602,Aarav Kapoor,Male,47,Patna,,Consumer,2023-01-20
CUST06604,Neha Kumar,Male,36,Pune,Maharashtra,Corporate,2022-10-07
CUST06605,Sneha Patel,Male,21,Surat,Gujarat,Consumer,2023-12-15
CUST06607,Arjun Patel,Male,18,Bhubaneswar,Odisha,Consumer,2025-01-18
CUST06608,Rahul Kapoor,Male,51,Guwahati,Assam,Corporate,2024-09-26
CUST06610,Pooja Yadav,Male,18,Hyderabad,Telangana,Corporate,2025-03-06
CUST06612,Neha Shah,Male,41,Delhi,Delhi,Consumer,2022-03-23
CUST06613,Arjun Sharma,Male,18,Patna,Bihar,Consumer,2024-11-20
CUST06614,Vivaan Saxena,Male,30,Delhi,Delhi,Corporate,2023-02-06
CUST06617,Priya Mishra,Female,30,Indore,Madhya Pradesh,Corporate,2024-12-29
CUST06624,Priya Malhotra,Male,31,Patna,Bihar,Consumer,2024-12-05
CUST06628,Priya Chauhan,Female,39,Bengaluru,Karnataka,Consumer,2023-04-25
CUST06631,Aditi Jain,Female,38,Indore,Madhya Pradesh,Corporate,2024-09-29
CUST06634,Kunal Sharma,Male,31,Kochi,Kerala,Corporate,2024-09-14
CUST06635,Sneha Agarwal,Female,51,Bhubaneswar,Odisha,Corporate,2024-03-29
CUST06655,Priya Patel,Female,22,Jaipur,Rajasthan,Consumer,2024-02-20
CUST06656,Isha Sharma,Male,27,Kolkata,West Bengal,Consumer,2022-06-11
CUST06660,Aditi Chauhan,Female,34,Ludhiana,Punjab,Consumer,2024-03-05
CUST06666,Aarav Jain,Female,34,Lucknow,Uttar Pradesh,Small Business,2023-12-28
CUST06670,Aarav Agarwal,Female,21,Ahmedabad,Gujarat,Corporate,2022-01-20
CUST06673,Kavya Chauhan,Female,29,Pune,Maharashtra,Consumer,2023-12-20
CUST06683,Vivaan Verma,Male,35,Kochi,Kerala,Consumer,2024-09-15
CUST06686,Kavya Mehta,Female,57,Chandigarh,Chandigarh,Small Business,2022-08-06
CUST06687,Amit Singh,Male,27,Ludhiana,Punjab,Consumer,2024-03-22
CUST06688,Amit Kapoor,Male,18,Jaipur,Rajasthan,Small Business,2024-02-28
CUST06690,Priya Patel,Female,27,Bhopal,Madhya Pradesh,Consumer,2022-10-08
CUST06695,Rahul Patel,Female,33,Chandigarh,Chandigarh,Consumer,2022-10-24
CUST06699,Aditya Kumar,Male,26,Pune,Maharashtra,Consumer,2023-01-03
CUST06703,Riya Verma,Male,46,Bhopal,Madhya Pradesh,Corporate,2024-09-30
CUST06704,Rahul Jain,Male,34,Jaipur,Rajasthan,Consumer,2023-02-11
CUST06710,Vikram Malhotra,Other,22,Indore,Madhya Pradesh,Consumer,2022-12-07
CUST06712,Rohan Chauhan,Female,28,Pune,Maharashtra,Corporate,2024-10-27
CUST06723,Kavya Kumar,Male,30,Chandigarh,Chandigarh,Corporate,2024-03-22
CUST06726,Priya Joshi,Male,45,Nagpur,Maharashtra,Consumer,2022-06-09
CUST06734,Vikram Patel,Male,36,Hyderabad,Telangana,Corporate,2022-10-09
CUST06735,Priya Kapoor,Male,43,Pune,Maharashtra,Consumer,2023-02-09
CUST06736,Neha Mishra,Male,26,Chennai,Tamil Nadu,Consumer,2023-09-25
CUST06740,Neha Joshi,Female,26,Surat,Gujarat,Consumer,2023-07-28
CUST06750,Amit Mishra,Female,43,Bhopal,Madhya Pradesh,Corporate,2025-01-17
CUST06752,Amit Shah,Female,35,Surat,Gujarat,Consumer,2024-10-21
CUST06753,Priya Srivastava,Male,45,Bengaluru,Karnataka,Consumer,2024-05-17
CUST06758,Rahul Jain,Female,24,Indore,Madhya Pradesh,Consumer,2024-08-04
CUST06759,Rohan Verma,Female,38,Mumbai,Maharashtra,Consumer,2023-04-06
CUST06760,Priya Singh,Male,34,Patna,Bihar,Corporate,2023-11-24
CUST06766,Pooja Malhotra,Male,30,Patna,Bihar,Consumer,2024-06-17
CUST06767,Nikhil Chauhan,Female,26,Chennai,Tamil Nadu,Consumer,2024-01-10
CUST06769,Vikram Kapoor,Male,46,Bhopal,Madhya Pradesh,Consumer,2022-11-30
CUST06772,Aditi Shah,Female,26,Hyderabad,Telangana,Corporate,2024-11-22
CUST06774,Meera Yadav,Female,33,Nagpur,Maharashtra,Consumer,2022-01-12
CUST06775,Kunal Joshi,Male,33,Patna,Bihar,Small Business,2024-05-24
CUST06777,Aditi Malhotra,Female,31,Bhopal,Madhya Pradesh,Small Business,2023-11-03
CUST06781,Neha Kumar,Male,46,Bhubaneswar,Odisha,Corporate,2024-10-13
CUST06783,Nikhil Kumar,Male,47,Ahmedabad,Gujarat,Consumer,2022-01-19
CUST06784,Riya Chauhan,Female,50,Hyderabad,Telangana,Corporate,2023-09-23
CUST06785,Nikhil Jain,Male,45,Dehradun,Uttarakhand,Consumer,2022-10-31
CUST06792,Neha Chauhan,Female,63,Patna,Bihar,Consumer,2024-01-19
CUST06793,Sneha Malhotra,Male,32,Kolkata,West Bengal,Consumer,2022-11-23
CUST06796,Nikhil Singh,Female,54,Jaipur,Rajasthan,Small Business,2023-02-17
CUST06803,Rahul Srivastava,Female,48,Bhopal,Madhya Pradesh,Small Business,2023-02-19
CUST06808,Isha Jain,Female,38,Bhubaneswar,Odisha,Consumer,2024-06-02
CUST06809,Aditi Joshi,Male,45,Delhi,Delhi,Corporate,2024-04-05
CUST06825,Vikram Mehta,Male,18,Bhopal,Madhya Pradesh,Corporate,2022-09-10
CUST06831,Kavya Chauhan,Female,35,Bengaluru,Karnataka,Corporate,2024-01-11
CUST06835,Vivaan Srivastava,Female,42,Delhi,Delhi,Consumer,2022-03-27
CUST06836,Kavya Singh,Female,21,Coimbatore,Tamil Nadu,Corporate,2025-02-05
CUST06839,Nikhil Jain,Female,49,Delhi,Delhi,Consumer,2022-12-29
CUST06845,Aditya Jain,Male,47,Mumbai,Maharashtra,Corporate,2022-05-01
CUST06847,Neha Kumar,Female,27,Jaipur,Rajasthan,Consumer,2022-02-04
CUST06850,Vivaan Jain,Female,40,Chandigarh,Chandigarh,Small Business,2022-04-07
CUST06851,Vivaan Agarwal,Female,25,Pune,Maharashtra,Corporate,2022-09-20
CUST06868,Vivaan Singh,Female,36,Dehradun,Uttarakhand,Corporate,2023-03-18
CUST06870,Riya Yadav,Male,32,Delhi,Delhi,Corporate,2024-07-22
CUST06872,Isha Mishra,Female,34,Nagpur,Maharashtra,Consumer,2023-12-23
CUST06873,Vivaan Saxena,Male,24,Guwahati,Assam,Small Business,2023-04-21
CUST06878,Rahul Kumar,Female,36,Lucknow,Uttar Pradesh,Consumer,2024-11-02
CUST06879,Kavya Srivastava,Male,44,Bengaluru,Karnataka,Small Business,2023-12-29
CUST06882,Rahul Sharma,Female,29,Dehradun,Uttarakhand,Consumer,2024-05-01
CUST06894,Kunal Verma,Female,23,Chennai,Tamil Nadu,Small Business,2023-12-18
CUST06900,Kunal Joshi,Male,25,Kolkata,West Bengal,Consumer,2024-06-11
CUST06904,Sneha Agarwal,Male,18,Nagpur,Maharashtra,Consumer,2024-07-30
CUST06909,Nikhil Srivastava,Male,45,Chandigarh,Chandigarh,Consumer,2022-02-08
CUST06910,Amit Jain,Female,28,Guwahati,Assam,Consumer,2023-02-07
CUST06912,Aditya Patel,Female,22,Coimbatore,Tamil Nadu,Corporate,2023-09-20
CUST06919,Nikhil Shah,Female,25,Delhi,Delhi,Consumer,2024-06-10
CUST06924,Kavya Chauhan,Female,33,Coimbatore,Tamil Nadu,Corporate,2025-02-26
CUST06941,Riya Chauhan,Male,31,Coimbatore,Tamil Nadu,Small Business,2022-04-06
CUST06951,Nikhil Shah,Female,50,Hyderabad,Telangana,Corporate,2024-02-09
CUST06956,Meera Agarwal,Other,29,Bhubaneswar,Odisha,Consumer,2024-02-29
CUST06957,Aarav Joshi,Male,46,Chandigarh,Chandigarh,Small Business,2023-08-09
CUST06958,Riya Chauhan,Male,55,Patna,Bihar,Consumer,2024-02-01
CUST06964,Priya Kumar,Female,30,Hyderabad,Telangana,Consumer,2022-12-16
CUST06966,Aditya Joshi,Male,25,Kolkata,West Bengal,Consumer,2023-07-12
CUST06967,Rohan Yadav,Male,31,Bhubaneswar,Odisha,Consumer,2022-05-26
CUST06974,Aditi Chauhan,Female,42,Chennai,Tamil Nadu,Consumer,2022-04-28
CUST06976,Arjun Shah,Male,19,Kochi,,Small Business,2022-02-02
CUST06983,Aarav Shah,Male,38,Guwahati,Assam,Corporate,2024-07-24
CUST06984,Sneha Patel,Male,35,Lucknow,Uttar Pradesh,Small Business,2023-11-09
CUST06985,Nikhil Kapoor,Male,45,Guwahati,Assam,Consumer,2022-06-06
CUST06991,Nikhil Jain,Male,29,Nagpur,Maharashtra,Small Business,2022-07-12
CUST06992,Pooja Sharma,Male,39,Coimbatore,Tamil Nadu,Corporate,2022-07-31
CUST06993,Rahul Mehta,Male,33,Dehradun,Uttarakhand,Consumer,2024-11-05
CUST06994,Isha Mehta,Male,28,Hyderabad,Telangana,Corporate,2024-09-18
CUST06995,Priya Gupta,Male,24,Kochi,Kerala,Corporate,2023-08-26
CUST06996,Meera Shah,Female,27,Kochi,Kerala,Consumer,2024-07-06
CUST07000,Vivaan Mishra,Female,50,Kolkata,West Bengal,Consumer,2024-06-28
CUST07004,Sneha Gupta,Male,37,Nagpur,Maharashtra,Consumer,2025-03-24
CUST07006,Vivaan Mishra,Female,33,Lucknow,Uttar Pradesh,Consumer,2024-05-04
CUST07010,Rahul Patel,Other,40,Hyderabad,Telangana,Small Business,2024-01-15
CUST07020,Rohan Yadav,Male,38,Mumbai,Maharashtra,Corporate,2022-12-11
CUST07023,Aditya Singh,Male,43,Bengaluru,Karnataka,Consumer,2024-08-28
CUST07024,Vikram Agarwal,Male,35,Hyderabad,Telangana,Consumer,2023-01-08
CUST07056,Kavya Patel,Male,38,Chandigarh,Chandigarh,Consumer,2023-11-21
CUST07063,Arjun Malhotra,Female,36,Guwahati,Assam,Consumer,2025-03-08
CUST07067,Vikram Sharma,Male,29,Lucknow,,Corporate,2022-01-08
CUST07070,Pooja Sharma,Female,31,Hyderabad,Telangana,Consumer,2023-11-22
CUST07077,Isha Jain,Male,37,Coimbatore,Tamil Nadu,Corporate,2025-03-14
CUST07078,Rohan Malhotra,Female,41,Chandigarh,Chandigarh,Consumer,2024-10-17
CUST07080,Vivaan Mishra,Female,38,Mumbai,Maharashtra,Consumer,2023-10-21
CUST07082,Riya Shah,Female,25,Bhubaneswar,Odisha,Consumer,2023-09-19
CUST07083,Aarav Agarwal,Male,39,Kochi,Kerala,Consumer,2024-08-28
CUST07084,Rohan Srivastava,Male,46,Bhopal,Madhya Pradesh,Corporate,2024-04-10
CUST07085,Vikram Kumar,Female,22,Bhopal,Madhya Pradesh,Consumer,2024-08-17
CUST07090,Amit Mehta,Male,56,Pune,Maharashtra,Corporate,2022-07-20
CUST07091,Vivaan Agarwal,Female,45,Chennai,Tamil Nadu,Corporate,2024-05-17
CUST07103,Arjun Malhotra,Female,53,Chennai,Tamil Nadu,Consumer,2023-07-30
CUST07122,Rohan Kumar,Male,66,Hyderabad,Telangana,Consumer,2023-01-01
CUST07127,Nikhil Yadav,Other,36,Bhubaneswar,Odisha,Consumer,2023-10-10
CUST07129,Meera Chauhan,Female,31,Mumbai,Maharashtra,Consumer,2022-04-05
CUST07130,Nikhil Chauhan,Female,37,Guwahati,Assam,Corporate,2024-07-18
CUST07133,Rahul Mishra,Male,52,Coimbatore,Tamil Nadu,Corporate,2024-12-27
CUST07135,Vikram Malhotra,Female,43,Lucknow,Uttar Pradesh,Small Business,2023-09-26
CUST07137,Priya Srivastava,Male,43,Nagpur,Maharashtra,Consumer,2024-04-03
CUST07140,Ananya Shah,Female,55,Mumbai,Maharashtra,Consumer,2023-06-01
CUST07142,Vikram Kumar,Male,37,Kochi,Kerala,Consumer,2023-11-09
CUST07145,Kavya Agarwal,Female,18,Dehradun,Uttarakhand,Corporate,2023-05-04
CUST07146,Riya Joshi,Female,21,Mumbai,Maharashtra,Small Business,2023-04-27
CUST07148,Meera Mehta,Female,25,Surat,Gujarat,Corporate,2024-05-07
CUST07152,Kunal Jain,Male,35,Ahmedabad,Gujarat,Consumer,2024-12-08
CUST07155,Isha Gupta,Male,27,Surat,Gujarat,Consumer,2024-04-24
CUST07158,Meera Mehta,Male,36,Kochi,Kerala,Consumer,2023-10-02
CUST07159,Pooja Verma,Male,45,Chandigarh,Chandigarh,Corporate,2022-10-05
CUST07160,Rohan Kapoor,Female,34,Delhi,Delhi,Small Business,2023-03-22
CUST07162,Amit Kapoor,Female,44,Kochi,Kerala,Consumer,2024-06-04
CUST07163,Priya Srivastava,Female,38,Bengaluru,Karnataka,Corporate,2023-07-15
CUST07164,Aditya Sharma,Female,32,Coimbatore,Tamil Nadu,Corporate,2022-05-14
CUST07174,Amit Agarwal,Female,38,Ahmedabad,Gujarat,Consumer,2024-09-01
CUST07177,Neha Chauhan,Female,54,Kochi,Kerala,Consumer,2025-04-11
CUST07179,Vikram Saxena,Male,23,Ahmedabad,Gujarat,Small Business,2024-07-12
CUST07181,Pooja Kapoor,Male,34,Surat,Gujarat,Consumer,2024-03-06
CUST07182,Aarav Malhotra,Male,40,Coimbatore,Tamil Nadu,Corporate,2024-02-27
CUST07192,Vivaan Gupta,Female,31,Guwahati,Assam,Small Business,2022-08-27
CUST07193,Riya Verma,Male,30,Nagpur,Maharashtra,Consumer,2024-04-24
CUST07195,Ananya Shah,Female,150,Kochi,Kerala,Small Business,2024-09-20
CUST07199,Vikram Jain,Male,30,Dehradun,Uttarakhand,Consumer,2022-05-15
CUST07200,Arjun Agarwal,Male,29,Surat,Gujarat,Consumer,2025-02-27
CUST07202,Ananya Chauhan,Female,40,Mumbai,Maharashtra,Small Business,2022-01-16
CUST07204,Sneha Joshi,Male,42,Jaipur,Rajasthan,Corporate,2024-08-24
CUST07205,Isha Chauhan,Male,21,Lucknow,Uttar Pradesh,Small Business,2022-04-20
CUST07207,Riya Patel,Female,46,Guwahati,Assam,Small Business,2023-05-15
CUST07209,Aditi Shah,Male,44,Surat,Gujarat,Consumer,2023-06-23
CUST07210,Kavya Saxena,Male,46,Patna,Bihar,Small Business,2023-09-19
CUST07219,Aditi Joshi,Male,29,Dehradun,Uttarakhand,Consumer,2024-06-18
CUST07223,Rohan Joshi,Male,34,Ahmedabad,Gujarat,Small Business,2023-07-28
CUST07224,Rohan Saxena,Female,31,Pune,Maharashtra,Consumer,2023-01-05
CUST07226,Vikram Kumar,Female,29,Bengaluru,,Consumer,2023-02-28
CUST07228,Aarav Malhotra,Female,43,Bhubaneswar,Odisha,Consumer,2024-02-16
CUST07231,Ananya Kapoor,Female,31,Nagpur,Maharashtra,Consumer,2022-10-27
CUST07233,Ananya Mehta,Female,32,Surat,Gujarat,Consumer,2024-06-27
CUST07234,Nikhil Yadav,Female,31,Ahmedabad,Gujarat,Consumer,2025-01-01
CUST07236,Aarav Agarwal,Female,46,Chandigarh,Chandigarh,Consumer,2022-04-23
CUST07237,Aarav Joshi,Female,18,Kolkata,West Bengal,Consumer,2023-02-28
CUST07242,Ananya Chauhan,Female,36,Bengaluru,Karnataka,Corporate,2023-09-14
CUST07244,Vivaan Chauhan,Female,36,Mumbai,Maharashtra,Consumer,2024-05-27
CUST07248,Aditi Kapoor,Male,52,Kolkata,West Bengal,Corporate,2023-03-18
CUST07251,Kunal Agarwal,Male,27,Pune,Maharashtra,Corporate,2023-07-17
CUST07254,Aditya Singh,Female,52,Bhubaneswar,Odisha,Small Business,2023-01-26
CUST07257,Riya Patel,Female,39,Patna,Bihar,Corporate,2024-01-21
CUST07258,Rohan Mishra,Male,33,Chennai,Tamil Nadu,Corporate,2024-12-16
CUST07261,Vikram Malhotra,Female,41,Ludhiana,Punjab,Consumer,2023-08-26
CUST07262,Nikhil Saxena,Male,18,Jaipur,Rajasthan,Small Business,2024-07-26
CUST07270,Priya Mishra,Male,50,Nagpur,Maharashtra,Corporate,2024-10-26
CUST07276,Aarav Jain,Female,33,Ludhiana,Punjab,Corporate,2022-09-06
CUST07279,Vivaan Kapoor,Male,27,Bhopal,Madhya Pradesh,Consumer,2022-04-08
CUST07283,Arjun Verma,Female,30,Hyderabad,Telangana,Small Business,2023-08-26
CUST07294,Riya Saxena,Female,40,Pune,Maharashtra,Consumer,2022-04-23
CUST07296,Aarav Kapoor,Female,37,Ahmedabad,Gujarat,Corporate,2022-04-23
CUST07299,Sneha Mishra,Female,41,Surat,Gujarat,Consumer,2024-10-07
CUST07300,Rahul Yadav,Male,22,Kolkata,West Bengal,Consumer,2023-04-04
CUST07304,Kavya Yadav,Male,18,Ludhiana,Punjab,Consumer,2023-08-20
CUST07306,Neha Joshi,Male,23,Mumbai,Maharashtra,Corporate,2024-04-09
CUST07307,Priya Kapoor,Female,34,Bhopal,Madhya Pradesh,Consumer,2024-07-28
CUST07311,Ananya Jain,Male,46,Bhubaneswar,Odisha,Consumer,2023-09-05
CUST07315,Arjun Malhotra,Male,52,Bhubaneswar,Odisha,Consumer,2024-01-26
CUST07317,Riya Kapoor,Male,44,Chennai,Tamil Nadu,Small Business,2022-02-17
CUST07319,Kunal Shah,Male,40,Bhopal,Madhya Pradesh,Consumer,2023-12-12
CUST07325,Aarav Malhotra,Female,18,Indore,Madhya Pradesh,Small Business,2024-03-02
CUST07328,Meera Verma,Male,42,Chennai,Tamil Nadu,Consumer,2024-09-06
CUST07330,Vikram Agarwal,Male,36,Dehradun,Uttarakhand,Corporate,2024-05-19
CUST07333,Arjun Kumar,Male,19,Pune,Maharashtra,Consumer,2024-07-24
CUST07334,Riya Srivastava,Male,32,Ludhiana,Punjab,Corporate,2022-02-17
CUST07339,Priya Verma,Male,18,Jaipur,Rajasthan,Small Business,2025-04-04
CUST07345,Nikhil Verma,Female,36,Kochi,Kerala,Consumer,2022-12-24
CUST07348,Arjun Mishra,Male,63,Pune,Maharashtra,Corporate,2023-01-19
CUST07349,Neha Singh,Female,42,Patna,Bihar,Consumer,2023-04-21
CUST07350,Priya Agarwal,Male,36,Coimbatore,Tamil Nadu,Consumer,2025-01-20
CUST07353,Rahul Gupta,Male,45,Ahmedabad,Gujarat,Corporate,2023-12-09
CUST07357,Meera Shah,Male,18,Mumbai,Maharashtra,Corporate,2022-06-14
CUST07358,Ananya Yadav,Male,19,Mumbai,Maharashtra,Consumer,2022-06-24
CUST07362,Rohan Yadav,Female,49,Kochi,Kerala,Consumer,2024-12-13
CUST07364,Neha Joshi,Female,32,Chandigarh,Chandigarh,Consumer,2022-03-30
CUST07368,Kunal Malhotra,Male,52,Indore,Madhya Pradesh,Consumer,2025-04-08
CUST07371,Arjun Gupta,Female,36,Kochi,Kerala,Small Business,2023-05-02
CUST07373,Rahul Sharma,Female,23,Bengaluru,Karnataka,Corporate,2023-04-20
CUST07375,Sneha Jain,Female,56,Ahmedabad,Gujarat,Small Business,2023-11-26
CUST07380,Aditi Shah,Male,28,Ahmedabad,Gujarat,Corporate,2022-01-25
CUST07389,Vivaan Malhotra,Female,42,Dehradun,Uttarakhand,Consumer,2023-07-26
CUST07391,Amit Gupta,Male,32,Guwahati,Assam,Consumer,2022-02-13
CUST07394,Sneha Mishra,Male,43,Mumbai,Maharashtra,Consumer,2023-02-03
CUST07396,Amit Jain,Male,20,Delhi,Delhi,Corporate,2022-02-07
CUST07397,Arjun Agarwal,Male,18,Indore,Madhya Pradesh,Consumer,2023-09-07
CUST07399,Kunal Singh,Female,45,Lucknow,Uttar Pradesh,Consumer,2023-06-07
CUST07400,Aarav Gupta,Other,47,Surat,Gujarat,Corporate,2022-09-29
CUST07404,Arjun Kumar,Female,34,Dehradun,Uttarakhand,Corporate,2023-07-21
CUST07405,Meera Joshi,Female,31,Surat,Gujarat,Consumer,2024-06-05
CUST07406,Aditi Malhotra,Female,24,Nagpur,Maharashtra,Consumer,2022-06-02
CUST07408,Rahul Verma,Female,41,Hyderabad,Telangana,Small Business,2023-01-02
CUST07412,Neha Verma,Male,44,Chandigarh,Chandigarh,Corporate,2024-02-24
CUST07418,Isha Joshi,Female,23,Surat,Gujarat,Small Business,2024-08-02
CUST07426,Kavya Sharma,Male,35,Guwahati,Assam,Consumer,2023-05-11
CUST07428,Pooja Singh,Male,51,Kochi,Kerala,Corporate,2023-10-17
CUST07430,Pooja Kapoor,Female,43,Kolkata,West Bengal,Consumer,2025-04-04
CUST07432,Isha Yadav,Male,53,Kolkata,West Bengal,Consumer,2025-02-15
CUST07437,Meera Verma,Female,41,Coimbatore,Tamil Nadu,Small Business,2022-09-20
CUST07438,Vivaan Yadav,Male,57,Patna,Bihar,Consumer,2024-06-24
CUST07440,Aditya Sharma,Female,150,Indore,Madhya Pradesh,Consumer,2024-03-29
CUST07442,Priya Mishra,Female,19,Chennai,Tamil Nadu,Consumer,2024-12-20
CUST07451,Kunal Malhotra,Female,31,Coimbatore,Tamil Nadu,Corporate,2023-06-19
CUST07454,Vikram Kumar,Male,45,Guwahati,Assam,Consumer,2024-08-29
CUST07458,Neha Kumar,Female,38,Hyderabad,,Corporate,2022-09-21
CUST07459,Vikram Chauhan,Male,26,Jaipur,Rajasthan,Corporate,2024-03-03
CUST07473,Amit Shah,Male,32,Ludhiana,Punjab,Consumer,2023-09-15
CUST07474,Kavya Joshi,Male,48,Dehradun,Uttarakhand,Consumer,2023-09-03
CUST07476,Kunal Yadav,Male,30,Hyderabad,Telangana,Consumer,2023-07-12
CUST07477,Sneha Yadav,Female,37,Guwahati,Assam,Consumer,2024-11-22
CUST07478,Riya Kumar,Male,39,Coimbatore,Tamil Nadu,Corporate,2023-12-22
CUST07480,Aditya Kapoor,Female,36,Surat,Gujarat,Corporate,2024-05-10
CUST07481,Aarav Chauhan,Male,39,Chennai,Tamil Nadu,Consumer,2025-01-19
CUST07487,Vikram Gupta,Male,24,Coimbatore,Tamil Nadu,Consumer,2025-01-15
CUST07492,Aditi Sharma,Female,34,Hyderabad,Telangana,Consumer,2024-06-20
CUST07493,Kavya Mehta,Female,28,Ludhiana,Punjab,Consumer,2025-02-25
CUST07495,Pooja Jain,Male,39,Kolkata,West Bengal,Small Business,2023-12-28
